{
  "1": {
    "$type": "number",
    "$value": 24,
    "$extensions": {
      "com.figma.scopes": [
        "WIDTH_HEIGHT"
      ]
    }
  },
  "2": {
    "$type": "number",
    "$value": 48,
    "$extensions": {
      "com.figma.scopes": [
        "WIDTH_HEIGHT"
      ]
    }
  },
  "3": {
    "$type": "number",
    "$value": 72,
    "$extensions": {
      "com.figma.scopes": [
        "WIDTH_HEIGHT"
      ]
    }
  },
  "4": {
    "$type": "number",
    "$value": 96,
    "$extensions": {
      "com.figma.scopes": [
        "WIDTH_HEIGHT"
      ]
    }
  },
  "5": {
    "$type": "number",
    "$value": 120,
    "$extensions": {
      "com.figma.scopes": [
        "WIDTH_HEIGHT"
      ]
    }
  },
  "6": {
    "$type": "number",
    "$value": 144,
    "$extensions": {
      "com.figma.scopes": [
        "WIDTH_HEIGHT"
      ]
    }
  },
  "7": {
    "$type": "number",
    "$value": 168,
    "$extensions": {
      "com.figma.scopes": [
        "WIDTH_HEIGHT"
      ]
    }
  },
  "8": {
    "$type": "number",
    "$value": 192,
    "$extensions": {
      "com.figma.scopes": [
        "WIDTH_HEIGHT"
      ]
    }
  },
  "9": {
    "$type": "number",
    "$value": 216,
    "$extensions": {
      "com.figma.scopes": [
        "WIDTH_HEIGHT"
      ]
    }
  },
  "10": {
    "$type": "number",
    "$value": 240,
    "$extensions": {
      "com.figma.scopes": [
        "WIDTH_HEIGHT"
      ]
    }
  },
  "11": {
    "$type": "number",
    "$value": 264,
    "$extensions": {
      "com.figma.scopes": [
        "WIDTH_HEIGHT"
      ]
    }
  },
  "12": {
    "$type": "number",
    "$value": 288,
    "$extensions": {
      "com.figma.scopes": [
        "WIDTH_HEIGHT"
      ]
    }
  },
  "13": {
    "$type": "number",
    "$value": 312,
    "$extensions": {
      "com.figma.scopes": [
        "WIDTH_HEIGHT"
      ]
    }
  },
  "14": {
    "$type": "number",
    "$value": 336,
    "$extensions": {
      "com.figma.scopes": [
        "WIDTH_HEIGHT"
      ]
    }
  },
  "15": {
    "$type": "number",
    "$value": 360,
    "$extensions": {
      "com.figma.scopes": [
        "WIDTH_HEIGHT"
      ]
    }
  },
  "16": {
    "$type": "number",
    "$value": 384,
    "$extensions": {
      "com.figma.scopes": [
        "WIDTH_HEIGHT"
      ]
    }
  },
  "17": {
    "$type": "number",
    "$value": 408,
    "$extensions": {
      "com.figma.scopes": [
        "WIDTH_HEIGHT"
      ]
    }
  },
  "18": {
    "$type": "number",
    "$value": 432,
    "$extensions": {
      "com.figma.scopes": [
        "WIDTH_HEIGHT"
      ]
    }
  },
  "19": {
    "$type": "number",
    "$value": 456,
    "$extensions": {
      "com.figma.scopes": [
        "WIDTH_HEIGHT"
      ]
    }
  },
  "20": {
    "$type": "number",
    "$value": 480,
    "$extensions": {
      "com.figma.scopes": [
        "WIDTH_HEIGHT"
      ]
    }
  },
  "21": {
    "$type": "number",
    "$value": 504,
    "$extensions": {
      "com.figma.scopes": [
        "WIDTH_HEIGHT"
      ]
    }
  },
  "22": {
    "$type": "number",
    "$value": 528,
    "$extensions": {
      "com.figma.scopes": [
        "WIDTH_HEIGHT"
      ]
    }
  },
  "23": {
    "$type": "number",
    "$value": 552,
    "$extensions": {
      "com.figma.scopes": [
        "WIDTH_HEIGHT"
      ]
    }
  },
  "24": {
    "$type": "number",
    "$value": 576,
    "$extensions": {
      "com.figma.scopes": [
        "WIDTH_HEIGHT"
      ]
    }
  },
  "25": {
    "$type": "number",
    "$value": 600,
    "$extensions": {
      "com.figma.scopes": [
        "WIDTH_HEIGHT"
      ]
    }
  },
  "26": {
    "$type": "number",
    "$value": 624,
    "$extensions": {
      "com.figma.scopes": [
        "WIDTH_HEIGHT"
      ]
    }
  },
  "27": {
    "$type": "number",
    "$value": 648,
    "$extensions": {
      "com.figma.scopes": [
        "WIDTH_HEIGHT"
      ]
    }
  },
  "28": {
    "$type": "number",
    "$value": 672,
    "$extensions": {
      "com.figma.scopes": [
        "WIDTH_HEIGHT"
      ]
    }
  },
  "29": {
    "$type": "number",
    "$value": 696,
    "$extensions": {
      "com.figma.scopes": [
        "WIDTH_HEIGHT"
      ]
    }
  },
  "30": {
    "$type": "number",
    "$value": 720,
    "$extensions": {
      "com.figma.scopes": [
        "WIDTH_HEIGHT"
      ]
    }
  },
  "31": {
    "$type": "number",
    "$value": 744,
    "$extensions": {
      "com.figma.scopes": [
        "WIDTH_HEIGHT"
      ]
    }
  },
  "32": {
    "$type": "number",
    "$value": 768,
    "$extensions": {
      "com.figma.scopes": [
        "WIDTH_HEIGHT"
      ]
    }
  },
  "33": {
    "$type": "number",
    "$value": 792,
    "$extensions": {
      "com.figma.scopes": [
        "WIDTH_HEIGHT"
      ]
    }
  },
  "34": {
    "$type": "number",
    "$value": 816,
    "$extensions": {
      "com.figma.scopes": [
        "WIDTH_HEIGHT"
      ]
    }
  },
  "35": {
    "$type": "number",
    "$value": 840,
    "$extensions": {
      "com.figma.scopes": [
        "WIDTH_HEIGHT"
      ]
    }
  },
  "36": {
    "$type": "number",
    "$value": 864,
    "$extensions": {
      "com.figma.scopes": [
        "WIDTH_HEIGHT"
      ]
    }
  },
  "37": {
    "$type": "number",
    "$value": 888,
    "$extensions": {
      "com.figma.scopes": [
        "WIDTH_HEIGHT"
      ]
    }
  },
  "38": {
    "$type": "number",
    "$value": 912,
    "$extensions": {
      "com.figma.scopes": [
        "WIDTH_HEIGHT"
      ]
    }
  },
  "39": {
    "$type": "number",
    "$value": 936,
    "$extensions": {
      "com.figma.scopes": [
        "WIDTH_HEIGHT"
      ]
    }
  },
  "40": {
    "$type": "number",
    "$value": 960,
    "$extensions": {
      "com.figma.scopes": [
        "WIDTH_HEIGHT"
      ]
    }
  },
  "41": {
    "$type": "number",
    "$value": 984,
    "$extensions": {
      "com.figma.scopes": [
        "WIDTH_HEIGHT"
      ]
    }
  },
  "42": {
    "$type": "number",
    "$value": 1008,
    "$extensions": {
      "com.figma.scopes": [
        "WIDTH_HEIGHT"
      ]
    }
  },
  "43": {
    "$type": "number",
    "$value": 1032,
    "$extensions": {
      "com.figma.scopes": [
        "WIDTH_HEIGHT"
      ]
    }
  },
  "44": {
    "$type": "number",
    "$value": 1056,
    "$extensions": {
      "com.figma.scopes": [
        "WIDTH_HEIGHT"
      ]
    }
  },
  "45": {
    "$type": "number",
    "$value": 1080,
    "$extensions": {
      "com.figma.scopes": [
        "WIDTH_HEIGHT"
      ]
    }
  },
  "$extensions": {
    "com.figma.modeName": "Value",
    "com.figma.collectionName": "System/Content Height"
  }
}