{
  "viewportWidth": {
    "minWidth": {
      "$type": "number",
      "$value": 1056,
      "$extensions": {
        "com.figma.scopes": [],
        "com.figma.hiddenFromPublishing": true
      }
    },
    "maxWidth": {
      "$type": "number",
      "$value": 1391,
      "$extensions": {
        "com.figma.scopes": [],
        "com.figma.hiddenFromPublishing": true
      }
    }
  },
  "viewportHeight": {
    "portrait": {
      "1:1": {
        "minHeight": {
          "$type": "number",
          "$value": 1056,
          "$extensions": {
            "com.figma.scopes": [],
            "com.figma.hiddenFromPublishing": true
          }
        },
        "maxHeight": {
          "$type": "number",
          "$value": 1391,
          "$extensions": {
            "com.figma.scopes": [],
            "com.figma.hiddenFromPublishing": true
          }
        }
      },
      "4:3": {
        "minHeight": {
          "$type": "number",
          "$value": 792,
          "$extensions": {
            "com.figma.scopes": [],
            "com.figma.hiddenFromPublishing": true
          }
        },
        "maxHeight": {
          "$type": "number",
          "$value": 1043,
          "$extensions": {
            "com.figma.scopes": [],
            "com.figma.hiddenFromPublishing": true
          }
        }
      },
      "16:10": {
        "minHeight": {
          "$type": "number",
          "$value": 660,
          "$extensions": {
            "com.figma.scopes": [],
            "com.figma.hiddenFromPublishing": true
          }
        },
        "maxHeight": {
          "$type": "number",
          "$value": 869,
          "$extensions": {
            "com.figma.scopes": [],
            "com.figma.hiddenFromPublishing": true
          }
        }
      },
      "16:9": {
        "minHeight": {
          "$type": "number",
          "$value": 594,
          "$extensions": {
            "com.figma.scopes": [],
            "com.figma.hiddenFromPublishing": true
          }
        },
        "maxHeight": {
          "$type": "number",
          "$value": 782,
          "$extensions": {
            "com.figma.scopes": [],
            "com.figma.hiddenFromPublishing": true
          }
        }
      },
      "18:9": {
        "minHeight": {
          "$type": "number",
          "$value": 528,
          "$extensions": {
            "com.figma.scopes": [],
            "com.figma.hiddenFromPublishing": true
          }
        },
        "maxHeight": {
          "$type": "number",
          "$value": 696,
          "$extensions": {
            "com.figma.scopes": [],
            "com.figma.hiddenFromPublishing": true
          }
        }
      },
      "20:9": {
        "minHeight": {
          "$type": "number",
          "$value": 475,
          "$extensions": {
            "com.figma.scopes": [],
            "com.figma.hiddenFromPublishing": true
          }
        },
        "maxHeight": {
          "$type": "number",
          "$value": 626,
          "$extensions": {
            "com.figma.scopes": [],
            "com.figma.hiddenFromPublishing": true
          }
        }
      },
      "21:9": {
        "minHeight": {
          "$type": "number",
          "$value": 453,
          "$extensions": {
            "com.figma.scopes": [],
            "com.figma.hiddenFromPublishing": true
          }
        },
        "maxHeight": {
          "$type": "number",
          "$value": 596,
          "$extensions": {
            "com.figma.scopes": [],
            "com.figma.hiddenFromPublishing": true
          }
        }
      }
    },
    "landscape": {
      "1:1": {
        "minHeight": {
          "$type": "number",
          "$value": 1056,
          "$extensions": {
            "com.figma.scopes": [],
            "com.figma.hiddenFromPublishing": true
          }
        },
        "maxHeight": {
          "$type": "number",
          "$value": 1391,
          "$extensions": {
            "com.figma.scopes": [],
            "com.figma.hiddenFromPublishing": true
          }
        }
      },
      "4:3": {
        "minHeight": {
          "$type": "number",
          "$value": 1408,
          "$extensions": {
            "com.figma.scopes": [],
            "com.figma.hiddenFromPublishing": true
          }
        },
        "maxHeight": {
          "$type": "number",
          "$value": 1855,
          "$extensions": {
            "com.figma.scopes": [],
            "com.figma.hiddenFromPublishing": true
          }
        }
      },
      "16:10": {
        "minHeight": {
          "$type": "number",
          "$value": 1690,
          "$extensions": {
            "com.figma.scopes": [],
            "com.figma.hiddenFromPublishing": true
          }
        },
        "maxHeight": {
          "$type": "number",
          "$value": 2226,
          "$extensions": {
            "com.figma.scopes": [],
            "com.figma.hiddenFromPublishing": true
          }
        }
      },
      "16:9": {
        "minHeight": {
          "$type": "number",
          "$value": 1877,
          "$extensions": {
            "com.figma.scopes": [],
            "com.figma.hiddenFromPublishing": true
          }
        },
        "maxHeight": {
          "$type": "number",
          "$value": 2473,
          "$extensions": {
            "com.figma.scopes": [],
            "com.figma.hiddenFromPublishing": true
          }
        }
      },
      "18:9": {
        "minHeight": {
          "$type": "number",
          "$value": 2112,
          "$extensions": {
            "com.figma.scopes": [],
            "com.figma.hiddenFromPublishing": true
          }
        },
        "maxHeight": {
          "$type": "number",
          "$value": 2782,
          "$extensions": {
            "com.figma.scopes": [],
            "com.figma.hiddenFromPublishing": true
          }
        }
      },
      "20:9": {
        "minHeight": {
          "$type": "number",
          "$value": 2347,
          "$extensions": {
            "com.figma.scopes": [],
            "com.figma.hiddenFromPublishing": true
          }
        },
        "maxHeight": {
          "$type": "number",
          "$value": 3091,
          "$extensions": {
            "com.figma.scopes": [],
            "com.figma.hiddenFromPublishing": true
          }
        }
      },
      "21:9": {
        "minHeight": {
          "$type": "number",
          "$value": 2464,
          "$extensions": {
            "com.figma.scopes": [],
            "com.figma.hiddenFromPublishing": true
          }
        },
        "maxHeight": {
          "$type": "number",
          "$value": 3246,
          "$extensions": {
            "com.figma.scopes": [],
            "com.figma.hiddenFromPublishing": true
          }
        }
      }
    }
  },
  "contentWidth": {
    "columns": {
      "1": {
        "minWidth": {
          "$type": "number",
          "$value": 96,
          "$extensions": {
            "com.figma.scopes": [],
            "com.figma.hiddenFromPublishing": true
          }
        },
        "maxWidth": {
          "$type": "number",
          "$value": 133.22222222222223,
          "$extensions": {
            "com.figma.scopes": [],
            "com.figma.hiddenFromPublishing": true
          }
        }
      },
      "2": {
        "minWidth": {
          "$type": "number",
          "$value": 208,
          "$extensions": {
            "com.figma.scopes": [],
            "com.figma.hiddenFromPublishing": true
          }
        },
        "maxWidth": {
          "$type": "number",
          "$value": 282.44444444444446,
          "$extensions": {
            "com.figma.scopes": [],
            "com.figma.hiddenFromPublishing": true
          }
        }
      },
      "3": {
        "minWidth": {
          "$type": "number",
          "$value": 320,
          "$extensions": {
            "com.figma.scopes": [],
            "com.figma.hiddenFromPublishing": true
          }
        },
        "maxWidth": {
          "$type": "number",
          "$value": 431.6666666666667,
          "$extensions": {
            "com.figma.scopes": [],
            "com.figma.hiddenFromPublishing": true
          }
        }
      },
      "4": {
        "minWidth": {
          "$type": "number",
          "$value": 432,
          "$extensions": {
            "com.figma.scopes": [],
            "com.figma.hiddenFromPublishing": true
          }
        },
        "maxWidth": {
          "$type": "number",
          "$value": 580.8888888888889,
          "$extensions": {
            "com.figma.scopes": [],
            "com.figma.hiddenFromPublishing": true
          }
        }
      },
      "5": {
        "minWidth": {
          "$type": "number",
          "$value": 544,
          "$extensions": {
            "com.figma.scopes": [],
            "com.figma.hiddenFromPublishing": true
          }
        },
        "maxWidth": {
          "$type": "number",
          "$value": 730.1111111111111,
          "$extensions": {
            "com.figma.scopes": [],
            "com.figma.hiddenFromPublishing": true
          }
        }
      },
      "6": {
        "minWidth": {
          "$type": "number",
          "$value": 656,
          "$extensions": {
            "com.figma.scopes": [],
            "com.figma.hiddenFromPublishing": true
          }
        },
        "maxWidth": {
          "$type": "number",
          "$value": 879.3333333333334,
          "$extensions": {
            "com.figma.scopes": [],
            "com.figma.hiddenFromPublishing": true
          }
        }
      },
      "7": {
        "minWidth": {
          "$type": "number",
          "$value": 768,
          "$extensions": {
            "com.figma.scopes": [],
            "com.figma.hiddenFromPublishing": true
          }
        },
        "maxWidth": {
          "$type": "number",
          "$value": 1028.5555555555557,
          "$extensions": {
            "com.figma.scopes": [],
            "com.figma.hiddenFromPublishing": true
          }
        }
      },
      "8": {
        "minWidth": {
          "$type": "number",
          "$value": 880,
          "$extensions": {
            "com.figma.scopes": [],
            "com.figma.hiddenFromPublishing": true
          }
        },
        "maxWidth": {
          "$type": "number",
          "$value": 1177.7777777777778,
          "$extensions": {
            "com.figma.scopes": [],
            "com.figma.hiddenFromPublishing": true
          }
        }
      },
      "9": {
        "minWidth": {
          "$type": "number",
          "$value": 992,
          "$extensions": {
            "com.figma.scopes": [],
            "com.figma.hiddenFromPublishing": true
          }
        },
        "maxWidth": {
          "$type": "number",
          "$value": 1327,
          "$extensions": {
            "com.figma.scopes": [],
            "com.figma.hiddenFromPublishing": true
          }
        }
      },
      "10": {
        "minWidth": {
          "$type": "number",
          "$value": 1327,
          "$extensions": {
            "com.figma.scopes": [],
            "com.figma.hiddenFromPublishing": true
          }
        },
        "maxWidth": {
          "$type": "number",
          "$value": 1327,
          "$extensions": {
            "com.figma.scopes": [],
            "com.figma.hiddenFromPublishing": true
          }
        }
      },
      "11": {
        "minWidth": {
          "$type": "number",
          "$value": 1327,
          "$extensions": {
            "com.figma.scopes": [],
            "com.figma.hiddenFromPublishing": true
          }
        },
        "maxWidth": {
          "$type": "number",
          "$value": 1327,
          "$extensions": {
            "com.figma.scopes": [],
            "com.figma.hiddenFromPublishing": true
          }
        }
      },
      "12": {
        "minWidth": {
          "$type": "number",
          "$value": 1327,
          "$extensions": {
            "com.figma.scopes": [],
            "com.figma.hiddenFromPublishing": true
          }
        },
        "maxWidth": {
          "$type": "number",
          "$value": 1327,
          "$extensions": {
            "com.figma.scopes": [],
            "com.figma.hiddenFromPublishing": true
          }
        }
      }
    },
    "divisions": {
      "1:4": {
        "minWidth": {
          "$type": "number",
          "$value": 320,
          "$extensions": {
            "com.figma.scopes": [],
            "com.figma.hiddenFromPublishing": true
          }
        },
        "maxWidth": {
          "$type": "number",
          "$value": 432,
          "$extensions": {
            "com.figma.scopes": [],
            "com.figma.hiddenFromPublishing": true
          }
        }
      },
      "1:3": {
        "minWidth": {
          "$type": "number",
          "$value": 320,
          "$extensions": {
            "com.figma.scopes": [],
            "com.figma.hiddenFromPublishing": true
          }
        },
        "maxWidth": {
          "$type": "number",
          "$value": 432,
          "$extensions": {
            "com.figma.scopes": [],
            "com.figma.hiddenFromPublishing": true
          }
        }
      },
      "1:2": {
        "minWidth": {
          "$type": "number",
          "$value": 992,
          "$extensions": {
            "com.figma.scopes": [],
            "com.figma.hiddenFromPublishing": true
          }
        },
        "maxWidth": {
          "$type": "number",
          "$value": 1327,
          "$extensions": {
            "com.figma.scopes": [],
            "com.figma.hiddenFromPublishing": true
          }
        }
      },
      "1:1": {
        "minWidth": {
          "$type": "number",
          "$value": 992,
          "$extensions": {
            "com.figma.scopes": [],
            "com.figma.hiddenFromPublishing": true
          }
        },
        "maxWidth": {
          "$type": "number",
          "$value": 1327,
          "$extensions": {
            "com.figma.scopes": [],
            "com.figma.hiddenFromPublishing": true
          }
        }
      }
    }
  },
  "$extensions": {
    "com.figma.modeName": "lg",
    "com.figma.collectionName": "System/Breakpoints"
  }
}