{
  "viewportWidth": {
    "minWidth": {
      "$type": "number",
      "$value": 720,
      "$extensions": {
        "com.figma.scopes": [],
        "com.figma.hiddenFromPublishing": true
      }
    },
    "maxWidth": {
      "$type": "number",
      "$value": 1055,
      "$extensions": {
        "com.figma.scopes": [],
        "com.figma.hiddenFromPublishing": true
      }
    }
  },
  "viewportHeight": {
    "portrait": {
      "1:1": {
        "minHeight": {
          "$type": "number",
          "$value": 720,
          "$extensions": {
            "com.figma.scopes": [],
            "com.figma.hiddenFromPublishing": true
          }
        },
        "maxHeight": {
          "$type": "number",
          "$value": 1055,
          "$extensions": {
            "com.figma.scopes": [],
            "com.figma.hiddenFromPublishing": true
          }
        }
      },
      "4:3": {
        "minHeight": {
          "$type": "number",
          "$value": 540,
          "$extensions": {
            "com.figma.scopes": [],
            "com.figma.hiddenFromPublishing": true
          }
        },
        "maxHeight": {
          "$type": "number",
          "$value": 791,
          "$extensions": {
            "com.figma.scopes": [],
            "com.figma.hiddenFromPublishing": true
          }
        }
      },
      "16:10": {
        "minHeight": {
          "$type": "number",
          "$value": 450,
          "$extensions": {
            "com.figma.scopes": [],
            "com.figma.hiddenFromPublishing": true
          }
        },
        "maxHeight": {
          "$type": "number",
          "$value": 659,
          "$extensions": {
            "com.figma.scopes": [],
            "com.figma.hiddenFromPublishing": true
          }
        }
      },
      "16:9": {
        "minHeight": {
          "$type": "number",
          "$value": 405,
          "$extensions": {
            "com.figma.scopes": [],
            "com.figma.hiddenFromPublishing": true
          }
        },
        "maxHeight": {
          "$type": "number",
          "$value": 593,
          "$extensions": {
            "com.figma.scopes": [],
            "com.figma.hiddenFromPublishing": true
          }
        }
      },
      "18:9": {
        "minHeight": {
          "$type": "number",
          "$value": 360,
          "$extensions": {
            "com.figma.scopes": [],
            "com.figma.hiddenFromPublishing": true
          }
        },
        "maxHeight": {
          "$type": "number",
          "$value": 528,
          "$extensions": {
            "com.figma.scopes": [],
            "com.figma.hiddenFromPublishing": true
          }
        }
      },
      "20:9": {
        "minHeight": {
          "$type": "number",
          "$value": 324,
          "$extensions": {
            "com.figma.scopes": [],
            "com.figma.hiddenFromPublishing": true
          }
        },
        "maxHeight": {
          "$type": "number",
          "$value": 475,
          "$extensions": {
            "com.figma.scopes": [],
            "com.figma.hiddenFromPublishing": true
          }
        }
      },
      "21:9": {
        "minHeight": {
          "$type": "number",
          "$value": 312,
          "$extensions": {
            "com.figma.scopes": [],
            "com.figma.hiddenFromPublishing": true
          }
        },
        "maxHeight": {
          "$type": "number",
          "$value": 452,
          "$extensions": {
            "com.figma.scopes": [],
            "com.figma.hiddenFromPublishing": true
          }
        }
      }
    },
    "landscape": {
      "1:1": {
        "minHeight": {
          "$type": "number",
          "$value": 720,
          "$extensions": {
            "com.figma.scopes": [],
            "com.figma.hiddenFromPublishing": true
          }
        },
        "maxHeight": {
          "$type": "number",
          "$value": 1055,
          "$extensions": {
            "com.figma.scopes": [],
            "com.figma.hiddenFromPublishing": true
          }
        }
      },
      "4:3": {
        "minHeight": {
          "$type": "number",
          "$value": 960,
          "$extensions": {
            "com.figma.scopes": [],
            "com.figma.hiddenFromPublishing": true
          }
        },
        "maxHeight": {
          "$type": "number",
          "$value": 1407,
          "$extensions": {
            "com.figma.scopes": [],
            "com.figma.hiddenFromPublishing": true
          }
        }
      },
      "16:10": {
        "minHeight": {
          "$type": "number",
          "$value": 1152,
          "$extensions": {
            "com.figma.scopes": [],
            "com.figma.hiddenFromPublishing": true
          }
        },
        "maxHeight": {
          "$type": "number",
          "$value": 1688,
          "$extensions": {
            "com.figma.scopes": [],
            "com.figma.hiddenFromPublishing": true
          }
        }
      },
      "16:9": {
        "minHeight": {
          "$type": "number",
          "$value": 1280,
          "$extensions": {
            "com.figma.scopes": [],
            "com.figma.hiddenFromPublishing": true
          }
        },
        "maxHeight": {
          "$type": "number",
          "$value": 1876,
          "$extensions": {
            "com.figma.scopes": [],
            "com.figma.hiddenFromPublishing": true
          }
        }
      },
      "18:9": {
        "minHeight": {
          "$type": "number",
          "$value": 1440,
          "$extensions": {
            "com.figma.scopes": [],
            "com.figma.hiddenFromPublishing": true
          }
        },
        "maxHeight": {
          "$type": "number",
          "$value": 2110,
          "$extensions": {
            "com.figma.scopes": [],
            "com.figma.hiddenFromPublishing": true
          }
        }
      },
      "20:9": {
        "minHeight": {
          "$type": "number",
          "$value": 1600,
          "$extensions": {
            "com.figma.scopes": [],
            "com.figma.hiddenFromPublishing": true
          }
        },
        "maxHeight": {
          "$type": "number",
          "$value": 2344,
          "$extensions": {
            "com.figma.scopes": [],
            "com.figma.hiddenFromPublishing": true
          }
        }
      },
      "21:9": {
        "minHeight": {
          "$type": "number",
          "$value": 1680,
          "$extensions": {
            "com.figma.scopes": [],
            "com.figma.hiddenFromPublishing": true
          }
        },
        "maxHeight": {
          "$type": "number",
          "$value": 2462,
          "$extensions": {
            "com.figma.scopes": [],
            "com.figma.hiddenFromPublishing": true
          }
        }
      }
    }
  },
  "contentWidth": {
    "columns": {
      "1": {
        "minWidth": {
          "$type": "number",
          "$value": 96,
          "$extensions": {
            "com.figma.scopes": [],
            "com.figma.hiddenFromPublishing": true
          }
        },
        "maxWidth": {
          "$type": "number",
          "$value": 151.83333333333334,
          "$extensions": {
            "com.figma.scopes": [],
            "com.figma.hiddenFromPublishing": true
          }
        }
      },
      "2": {
        "minWidth": {
          "$type": "number",
          "$value": 208,
          "$extensions": {
            "com.figma.scopes": [],
            "com.figma.hiddenFromPublishing": true
          }
        },
        "maxWidth": {
          "$type": "number",
          "$value": 319.6666666666667,
          "$extensions": {
            "com.figma.scopes": [],
            "com.figma.hiddenFromPublishing": true
          }
        }
      },
      "3": {
        "minWidth": {
          "$type": "number",
          "$value": 320,
          "$extensions": {
            "com.figma.scopes": [],
            "com.figma.hiddenFromPublishing": true
          }
        },
        "maxWidth": {
          "$type": "number",
          "$value": 487.5,
          "$extensions": {
            "com.figma.scopes": [],
            "com.figma.hiddenFromPublishing": true
          }
        }
      },
      "4": {
        "minWidth": {
          "$type": "number",
          "$value": 432,
          "$extensions": {
            "com.figma.scopes": [],
            "com.figma.hiddenFromPublishing": true
          }
        },
        "maxWidth": {
          "$type": "number",
          "$value": 655.3333333333334,
          "$extensions": {
            "com.figma.scopes": [],
            "com.figma.hiddenFromPublishing": true
          }
        }
      },
      "5": {
        "minWidth": {
          "$type": "number",
          "$value": 544,
          "$extensions": {
            "com.figma.scopes": [],
            "com.figma.hiddenFromPublishing": true
          }
        },
        "maxWidth": {
          "$type": "number",
          "$value": 823.1666666666667,
          "$extensions": {
            "com.figma.scopes": [],
            "com.figma.hiddenFromPublishing": true
          }
        }
      },
      "6": {
        "minWidth": {
          "$type": "number",
          "$value": 656,
          "$extensions": {
            "com.figma.scopes": [],
            "com.figma.hiddenFromPublishing": true
          }
        },
        "maxWidth": {
          "$type": "number",
          "$value": 991,
          "$extensions": {
            "com.figma.scopes": [],
            "com.figma.hiddenFromPublishing": true
          }
        }
      },
      "7": {
        "minWidth": {
          "$type": "number",
          "$value": 991,
          "$extensions": {
            "com.figma.scopes": [],
            "com.figma.hiddenFromPublishing": true
          }
        },
        "maxWidth": {
          "$type": "number",
          "$value": 991,
          "$extensions": {
            "com.figma.scopes": [],
            "com.figma.hiddenFromPublishing": true
          }
        }
      },
      "8": {
        "minWidth": {
          "$type": "number",
          "$value": 991,
          "$extensions": {
            "com.figma.scopes": [],
            "com.figma.hiddenFromPublishing": true
          }
        },
        "maxWidth": {
          "$type": "number",
          "$value": 991,
          "$extensions": {
            "com.figma.scopes": [],
            "com.figma.hiddenFromPublishing": true
          }
        }
      },
      "9": {
        "minWidth": {
          "$type": "number",
          "$value": 991,
          "$extensions": {
            "com.figma.scopes": [],
            "com.figma.hiddenFromPublishing": true
          }
        },
        "maxWidth": {
          "$type": "number",
          "$value": 991,
          "$extensions": {
            "com.figma.scopes": [],
            "com.figma.hiddenFromPublishing": true
          }
        }
      },
      "10": {
        "minWidth": {
          "$type": "number",
          "$value": 991,
          "$extensions": {
            "com.figma.scopes": [],
            "com.figma.hiddenFromPublishing": true
          }
        },
        "maxWidth": {
          "$type": "number",
          "$value": 991,
          "$extensions": {
            "com.figma.scopes": [],
            "com.figma.hiddenFromPublishing": true
          }
        }
      },
      "11": {
        "minWidth": {
          "$type": "number",
          "$value": 991,
          "$extensions": {
            "com.figma.scopes": [],
            "com.figma.hiddenFromPublishing": true
          }
        },
        "maxWidth": {
          "$type": "number",
          "$value": 991,
          "$extensions": {
            "com.figma.scopes": [],
            "com.figma.hiddenFromPublishing": true
          }
        }
      },
      "12": {
        "minWidth": {
          "$type": "number",
          "$value": 991,
          "$extensions": {
            "com.figma.scopes": [],
            "com.figma.hiddenFromPublishing": true
          }
        },
        "maxWidth": {
          "$type": "number",
          "$value": 991,
          "$extensions": {
            "com.figma.scopes": [],
            "com.figma.hiddenFromPublishing": true
          }
        }
      }
    },
    "divisions": {
      "1:4": {
        "minWidth": {
          "$type": "number",
          "$value": 208,
          "$extensions": {
            "com.figma.scopes": [],
            "com.figma.hiddenFromPublishing": true
          }
        },
        "maxWidth": {
          "$type": "number",
          "$value": 320,
          "$extensions": {
            "com.figma.scopes": [],
            "com.figma.hiddenFromPublishing": true
          }
        }
      },
      "1:3": {
        "minWidth": {
          "$type": "number",
          "$value": 208,
          "$extensions": {
            "com.figma.scopes": [],
            "com.figma.hiddenFromPublishing": true
          }
        },
        "maxWidth": {
          "$type": "number",
          "$value": 320,
          "$extensions": {
            "com.figma.scopes": [],
            "com.figma.hiddenFromPublishing": true
          }
        }
      },
      "1:2": {
        "minWidth": {
          "$type": "number",
          "$value": 320,
          "$extensions": {
            "com.figma.scopes": [],
            "com.figma.hiddenFromPublishing": true
          }
        },
        "maxWidth": {
          "$type": "number",
          "$value": 488,
          "$extensions": {
            "com.figma.scopes": [],
            "com.figma.hiddenFromPublishing": true
          }
        }
      },
      "1:1": {
        "minWidth": {
          "$type": "number",
          "$value": 656,
          "$extensions": {
            "com.figma.scopes": [],
            "com.figma.hiddenFromPublishing": true
          }
        },
        "maxWidth": {
          "$type": "number",
          "$value": 991,
          "$extensions": {
            "com.figma.scopes": [],
            "com.figma.hiddenFromPublishing": true
          }
        }
      }
    }
  },
  "$extensions": {
    "com.figma.modeName": "md",
    "com.figma.collectionName": "System/Breakpoints"
  }
}