{
  "viewportWidth": {
    "minWidth": {
      "$type": "number",
      "$value": 496,
      "$extensions": {
        "com.figma.scopes": [],
        "com.figma.hiddenFromPublishing": true
      }
    },
    "maxWidth": {
      "$type": "number",
      "$value": 719,
      "$extensions": {
        "com.figma.scopes": [],
        "com.figma.hiddenFromPublishing": true
      }
    }
  },
  "viewportHeight": {
    "portrait": {
      "1:1": {
        "minHeight": {
          "$type": "number",
          "$value": 496,
          "$extensions": {
            "com.figma.scopes": [],
            "com.figma.hiddenFromPublishing": true
          }
        },
        "maxHeight": {
          "$type": "number",
          "$value": 719,
          "$extensions": {
            "com.figma.scopes": [],
            "com.figma.hiddenFromPublishing": true
          }
        }
      },
      "4:3": {
        "minHeight": {
          "$type": "number",
          "$value": 372,
          "$extensions": {
            "com.figma.scopes": [],
            "com.figma.hiddenFromPublishing": true
          }
        },
        "maxHeight": {
          "$type": "number",
          "$value": 539,
          "$extensions": {
            "com.figma.scopes": [],
            "com.figma.hiddenFromPublishing": true
          }
        }
      },
      "16:10": {
        "minHeight": {
          "$type": "number",
          "$value": 312,
          "$extensions": {
            "com.figma.scopes": [],
            "com.figma.hiddenFromPublishing": true
          }
        },
        "maxHeight": {
          "$type": "number",
          "$value": 449,
          "$extensions": {
            "com.figma.scopes": [],
            "com.figma.hiddenFromPublishing": true
          }
        }
      },
      "16:9": {
        "minHeight": {
          "$type": "number",
          "$value": 312,
          "$extensions": {
            "com.figma.scopes": [],
            "com.figma.hiddenFromPublishing": true
          }
        },
        "maxHeight": {
          "$type": "number",
          "$value": 404,
          "$extensions": {
            "com.figma.scopes": [],
            "com.figma.hiddenFromPublishing": true
          }
        }
      },
      "18:9": {
        "minHeight": {
          "$type": "number",
          "$value": 312,
          "$extensions": {
            "com.figma.scopes": [],
            "com.figma.hiddenFromPublishing": true
          }
        },
        "maxHeight": {
          "$type": "number",
          "$value": 360,
          "$extensions": {
            "com.figma.scopes": [],
            "com.figma.hiddenFromPublishing": true
          }
        }
      },
      "20:9": {
        "minHeight": {
          "$type": "number",
          "$value": 312,
          "$extensions": {
            "com.figma.scopes": [],
            "com.figma.hiddenFromPublishing": true
          }
        },
        "maxHeight": {
          "$type": "number",
          "$value": 324,
          "$extensions": {
            "com.figma.scopes": [],
            "com.figma.hiddenFromPublishing": true
          }
        }
      },
      "21:9": {
        "minHeight": {
          "$type": "number",
          "$value": 312,
          "$extensions": {
            "com.figma.scopes": [],
            "com.figma.hiddenFromPublishing": true
          }
        },
        "maxHeight": {
          "$type": "number",
          "$value": 312,
          "$extensions": {
            "com.figma.scopes": [],
            "com.figma.hiddenFromPublishing": true
          }
        }
      }
    },
    "landscape": {
      "1:1": {
        "minHeight": {
          "$type": "number",
          "$value": 496,
          "$extensions": {
            "com.figma.scopes": [],
            "com.figma.hiddenFromPublishing": true
          }
        },
        "maxHeight": {
          "$type": "number",
          "$value": 719,
          "$extensions": {
            "com.figma.scopes": [],
            "com.figma.hiddenFromPublishing": true
          }
        }
      },
      "4:3": {
        "minHeight": {
          "$type": "number",
          "$value": 661,
          "$extensions": {
            "com.figma.scopes": [],
            "com.figma.hiddenFromPublishing": true
          }
        },
        "maxHeight": {
          "$type": "number",
          "$value": 959,
          "$extensions": {
            "com.figma.scopes": [],
            "com.figma.hiddenFromPublishing": true
          }
        }
      },
      "16:10": {
        "minHeight": {
          "$type": "number",
          "$value": 794,
          "$extensions": {
            "com.figma.scopes": [],
            "com.figma.hiddenFromPublishing": true
          }
        },
        "maxHeight": {
          "$type": "number",
          "$value": 1150,
          "$extensions": {
            "com.figma.scopes": [],
            "com.figma.hiddenFromPublishing": true
          }
        }
      },
      "16:9": {
        "minHeight": {
          "$type": "number",
          "$value": 882,
          "$extensions": {
            "com.figma.scopes": [],
            "com.figma.hiddenFromPublishing": true
          }
        },
        "maxHeight": {
          "$type": "number",
          "$value": 1278,
          "$extensions": {
            "com.figma.scopes": [],
            "com.figma.hiddenFromPublishing": true
          }
        }
      },
      "18:9": {
        "minHeight": {
          "$type": "number",
          "$value": 992,
          "$extensions": {
            "com.figma.scopes": [],
            "com.figma.hiddenFromPublishing": true
          }
        },
        "maxHeight": {
          "$type": "number",
          "$value": 1438,
          "$extensions": {
            "com.figma.scopes": [],
            "com.figma.hiddenFromPublishing": true
          }
        }
      },
      "20:9": {
        "minHeight": {
          "$type": "number",
          "$value": 1102,
          "$extensions": {
            "com.figma.scopes": [],
            "com.figma.hiddenFromPublishing": true
          }
        },
        "maxHeight": {
          "$type": "number",
          "$value": 1598,
          "$extensions": {
            "com.figma.scopes": [],
            "com.figma.hiddenFromPublishing": true
          }
        }
      },
      "21:9": {
        "minHeight": {
          "$type": "number",
          "$value": 1157,
          "$extensions": {
            "com.figma.scopes": [],
            "com.figma.hiddenFromPublishing": true
          }
        },
        "maxHeight": {
          "$type": "number",
          "$value": 1678,
          "$extensions": {
            "com.figma.scopes": [],
            "com.figma.hiddenFromPublishing": true
          }
        }
      }
    }
  },
  "contentWidth": {
    "columns": {
      "1": {
        "minWidth": {
          "$type": "number",
          "$value": 96,
          "$extensions": {
            "com.figma.scopes": [],
            "com.figma.hiddenFromPublishing": true
          }
        },
        "maxWidth": {
          "$type": "number",
          "$value": 151.75,
          "$extensions": {
            "com.figma.scopes": [],
            "com.figma.hiddenFromPublishing": true
          }
        }
      },
      "2": {
        "minWidth": {
          "$type": "number",
          "$value": 208,
          "$extensions": {
            "com.figma.scopes": [],
            "com.figma.hiddenFromPublishing": true
          }
        },
        "maxWidth": {
          "$type": "number",
          "$value": 319.5,
          "$extensions": {
            "com.figma.scopes": [],
            "com.figma.hiddenFromPublishing": true
          }
        }
      },
      "3": {
        "minWidth": {
          "$type": "number",
          "$value": 320,
          "$extensions": {
            "com.figma.scopes": [],
            "com.figma.hiddenFromPublishing": true
          }
        },
        "maxWidth": {
          "$type": "number",
          "$value": 487.25,
          "$extensions": {
            "com.figma.scopes": [],
            "com.figma.hiddenFromPublishing": true
          }
        }
      },
      "4": {
        "minWidth": {
          "$type": "number",
          "$value": 432,
          "$extensions": {
            "com.figma.scopes": [],
            "com.figma.hiddenFromPublishing": true
          }
        },
        "maxWidth": {
          "$type": "number",
          "$value": 655,
          "$extensions": {
            "com.figma.scopes": [],
            "com.figma.hiddenFromPublishing": true
          }
        }
      },
      "5": {
        "minWidth": {
          "$type": "number",
          "$value": 655,
          "$extensions": {
            "com.figma.scopes": [],
            "com.figma.hiddenFromPublishing": true
          }
        },
        "maxWidth": {
          "$type": "number",
          "$value": 655,
          "$extensions": {
            "com.figma.scopes": [],
            "com.figma.hiddenFromPublishing": true
          }
        }
      },
      "6": {
        "minWidth": {
          "$type": "number",
          "$value": 655,
          "$extensions": {
            "com.figma.scopes": [],
            "com.figma.hiddenFromPublishing": true
          }
        },
        "maxWidth": {
          "$type": "number",
          "$value": 655,
          "$extensions": {
            "com.figma.scopes": [],
            "com.figma.hiddenFromPublishing": true
          }
        }
      },
      "7": {
        "minWidth": {
          "$type": "number",
          "$value": 655,
          "$extensions": {
            "com.figma.scopes": [],
            "com.figma.hiddenFromPublishing": true
          }
        },
        "maxWidth": {
          "$type": "number",
          "$value": 655,
          "$extensions": {
            "com.figma.scopes": [],
            "com.figma.hiddenFromPublishing": true
          }
        }
      },
      "8": {
        "minWidth": {
          "$type": "number",
          "$value": 655,
          "$extensions": {
            "com.figma.scopes": [],
            "com.figma.hiddenFromPublishing": true
          }
        },
        "maxWidth": {
          "$type": "number",
          "$value": 655,
          "$extensions": {
            "com.figma.scopes": [],
            "com.figma.hiddenFromPublishing": true
          }
        }
      },
      "9": {
        "minWidth": {
          "$type": "number",
          "$value": 655,
          "$extensions": {
            "com.figma.scopes": [],
            "com.figma.hiddenFromPublishing": true
          }
        },
        "maxWidth": {
          "$type": "number",
          "$value": 655,
          "$extensions": {
            "com.figma.scopes": [],
            "com.figma.hiddenFromPublishing": true
          }
        }
      },
      "10": {
        "minWidth": {
          "$type": "number",
          "$value": 655,
          "$extensions": {
            "com.figma.scopes": [],
            "com.figma.hiddenFromPublishing": true
          }
        },
        "maxWidth": {
          "$type": "number",
          "$value": 655,
          "$extensions": {
            "com.figma.scopes": [],
            "com.figma.hiddenFromPublishing": true
          }
        }
      },
      "11": {
        "minWidth": {
          "$type": "number",
          "$value": 655,
          "$extensions": {
            "com.figma.scopes": [],
            "com.figma.hiddenFromPublishing": true
          }
        },
        "maxWidth": {
          "$type": "number",
          "$value": 655,
          "$extensions": {
            "com.figma.scopes": [],
            "com.figma.hiddenFromPublishing": true
          }
        }
      },
      "12": {
        "minWidth": {
          "$type": "number",
          "$value": 655,
          "$extensions": {
            "com.figma.scopes": [],
            "com.figma.hiddenFromPublishing": true
          }
        },
        "maxWidth": {
          "$type": "number",
          "$value": 655,
          "$extensions": {
            "com.figma.scopes": [],
            "com.figma.hiddenFromPublishing": true
          }
        }
      }
    },
    "divisions": {
      "1:4": {
        "minWidth": {
          "$type": "number",
          "$value": 96,
          "$extensions": {
            "com.figma.scopes": [],
            "com.figma.hiddenFromPublishing": true
          }
        },
        "maxWidth": {
          "$type": "number",
          "$value": 152,
          "$extensions": {
            "com.figma.scopes": [],
            "com.figma.hiddenFromPublishing": true
          }
        }
      },
      "1:3": {
        "minWidth": {
          "$type": "number",
          "$value": 208,
          "$extensions": {
            "com.figma.scopes": [],
            "com.figma.hiddenFromPublishing": true
          }
        },
        "maxWidth": {
          "$type": "number",
          "$value": 320,
          "$extensions": {
            "com.figma.scopes": [],
            "com.figma.hiddenFromPublishing": true
          }
        }
      },
      "1:2": {
        "minWidth": {
          "$type": "number",
          "$value": 208,
          "$extensions": {
            "com.figma.scopes": [],
            "com.figma.hiddenFromPublishing": true
          }
        },
        "maxWidth": {
          "$type": "number",
          "$value": 320,
          "$extensions": {
            "com.figma.scopes": [],
            "com.figma.hiddenFromPublishing": true
          }
        }
      },
      "1:1": {
        "minWidth": {
          "$type": "number",
          "$value": 432,
          "$extensions": {
            "com.figma.scopes": [],
            "com.figma.hiddenFromPublishing": true
          }
        },
        "maxWidth": {
          "$type": "number",
          "$value": 655,
          "$extensions": {
            "com.figma.scopes": [],
            "com.figma.hiddenFromPublishing": true
          }
        }
      }
    }
  },
  "$extensions": {
    "com.figma.modeName": "sm",
    "com.figma.collectionName": "System/Breakpoints"
  }
}