{
  "viewportWidth": {
    "minWidth": {
      "$type": "number",
      "$value": 1392,
      "$extensions": {
        "com.figma.scopes": [],
        "com.figma.hiddenFromPublishing": true
      }
    },
    "maxWidth": {
      "$type": "number",
      "$value": 1919,
      "$extensions": {
        "com.figma.scopes": [],
        "com.figma.hiddenFromPublishing": true
      }
    }
  },
  "viewportHeight": {
    "portrait": {
      "1:1": {
        "minHeight": {
          "$type": "number",
          "$value": 1392,
          "$extensions": {
            "com.figma.scopes": [],
            "com.figma.hiddenFromPublishing": true
          }
        },
        "maxHeight": {
          "$type": "number",
          "$value": 1919,
          "$extensions": {
            "com.figma.scopes": [],
            "com.figma.hiddenFromPublishing": true
          }
        }
      },
      "4:3": {
        "minHeight": {
          "$type": "number",
          "$value": 1044,
          "$extensions": {
            "com.figma.scopes": [],
            "com.figma.hiddenFromPublishing": true
          }
        },
        "maxHeight": {
          "$type": "number",
          "$value": 1439,
          "$extensions": {
            "com.figma.scopes": [],
            "com.figma.hiddenFromPublishing": true
          }
        }
      },
      "16:10": {
        "minHeight": {
          "$type": "number",
          "$value": 870,
          "$extensions": {
            "com.figma.scopes": [],
            "com.figma.hiddenFromPublishing": true
          }
        },
        "maxHeight": {
          "$type": "number",
          "$value": 1199,
          "$extensions": {
            "com.figma.scopes": [],
            "com.figma.hiddenFromPublishing": true
          }
        }
      },
      "16:9": {
        "minHeight": {
          "$type": "number",
          "$value": 783,
          "$extensions": {
            "com.figma.scopes": [],
            "com.figma.hiddenFromPublishing": true
          }
        },
        "maxHeight": {
          "$type": "number",
          "$value": 1079,
          "$extensions": {
            "com.figma.scopes": [],
            "com.figma.hiddenFromPublishing": true
          }
        }
      },
      "18:9": {
        "minHeight": {
          "$type": "number",
          "$value": 696,
          "$extensions": {
            "com.figma.scopes": [],
            "com.figma.hiddenFromPublishing": true
          }
        },
        "maxHeight": {
          "$type": "number",
          "$value": 960,
          "$extensions": {
            "com.figma.scopes": [],
            "com.figma.hiddenFromPublishing": true
          }
        }
      },
      "20:9": {
        "minHeight": {
          "$type": "number",
          "$value": 626,
          "$extensions": {
            "com.figma.scopes": [],
            "com.figma.hiddenFromPublishing": true
          }
        },
        "maxHeight": {
          "$type": "number",
          "$value": 864,
          "$extensions": {
            "com.figma.scopes": [],
            "com.figma.hiddenFromPublishing": true
          }
        }
      },
      "21:9": {
        "minHeight": {
          "$type": "number",
          "$value": 597,
          "$extensions": {
            "com.figma.scopes": [],
            "com.figma.hiddenFromPublishing": true
          }
        },
        "maxHeight": {
          "$type": "number",
          "$value": 822,
          "$extensions": {
            "com.figma.scopes": [],
            "com.figma.hiddenFromPublishing": true
          }
        }
      }
    },
    "landscape": {
      "1:1": {
        "minHeight": {
          "$type": "number",
          "$value": 1392,
          "$extensions": {
            "com.figma.scopes": [],
            "com.figma.hiddenFromPublishing": true
          }
        },
        "maxHeight": {
          "$type": "number",
          "$value": 1919,
          "$extensions": {
            "com.figma.scopes": [],
            "com.figma.hiddenFromPublishing": true
          }
        }
      },
      "4:3": {
        "minHeight": {
          "$type": "number",
          "$value": 1856,
          "$extensions": {
            "com.figma.scopes": [],
            "com.figma.hiddenFromPublishing": true
          }
        },
        "maxHeight": {
          "$type": "number",
          "$value": 2559,
          "$extensions": {
            "com.figma.scopes": [],
            "com.figma.hiddenFromPublishing": true
          }
        }
      },
      "16:10": {
        "minHeight": {
          "$type": "number",
          "$value": 2227,
          "$extensions": {
            "com.figma.scopes": [],
            "com.figma.hiddenFromPublishing": true
          }
        },
        "maxHeight": {
          "$type": "number",
          "$value": 3070,
          "$extensions": {
            "com.figma.scopes": [],
            "com.figma.hiddenFromPublishing": true
          }
        }
      },
      "16:9": {
        "minHeight": {
          "$type": "number",
          "$value": 2475,
          "$extensions": {
            "com.figma.scopes": [],
            "com.figma.hiddenFromPublishing": true
          }
        },
        "maxHeight": {
          "$type": "number",
          "$value": 3412,
          "$extensions": {
            "com.figma.scopes": [],
            "com.figma.hiddenFromPublishing": true
          }
        }
      },
      "18:9": {
        "minHeight": {
          "$type": "number",
          "$value": 2784,
          "$extensions": {
            "com.figma.scopes": [],
            "com.figma.hiddenFromPublishing": true
          }
        },
        "maxHeight": {
          "$type": "number",
          "$value": 3838,
          "$extensions": {
            "com.figma.scopes": [],
            "com.figma.hiddenFromPublishing": true
          }
        }
      },
      "20:9": {
        "minHeight": {
          "$type": "number",
          "$value": 3093,
          "$extensions": {
            "com.figma.scopes": [],
            "com.figma.hiddenFromPublishing": true
          }
        },
        "maxHeight": {
          "$type": "number",
          "$value": 4264,
          "$extensions": {
            "com.figma.scopes": [],
            "com.figma.hiddenFromPublishing": true
          }
        }
      },
      "21:9": {
        "minHeight": {
          "$type": "number",
          "$value": 3248,
          "$extensions": {
            "com.figma.scopes": [],
            "com.figma.hiddenFromPublishing": true
          }
        },
        "maxHeight": {
          "$type": "number",
          "$value": 4478,
          "$extensions": {
            "com.figma.scopes": [],
            "com.figma.hiddenFromPublishing": true
          }
        }
      }
    }
  },
  "contentWidth": {
    "columns": {
      "1": {
        "minWidth": {
          "$type": "number",
          "$value": 96,
          "$extensions": {
            "com.figma.scopes": [],
            "com.figma.hiddenFromPublishing": true
          }
        },
        "maxWidth": {
          "$type": "number",
          "$value": 139.91666666666666,
          "$extensions": {
            "com.figma.scopes": [],
            "com.figma.hiddenFromPublishing": true
          }
        }
      },
      "2": {
        "minWidth": {
          "$type": "number",
          "$value": 208,
          "$extensions": {
            "com.figma.scopes": [],
            "com.figma.hiddenFromPublishing": true
          }
        },
        "maxWidth": {
          "$type": "number",
          "$value": 295.8333333333333,
          "$extensions": {
            "com.figma.scopes": [],
            "com.figma.hiddenFromPublishing": true
          }
        }
      },
      "3": {
        "minWidth": {
          "$type": "number",
          "$value": 320,
          "$extensions": {
            "com.figma.scopes": [],
            "com.figma.hiddenFromPublishing": true
          }
        },
        "maxWidth": {
          "$type": "number",
          "$value": 451.75,
          "$extensions": {
            "com.figma.scopes": [],
            "com.figma.hiddenFromPublishing": true
          }
        }
      },
      "4": {
        "minWidth": {
          "$type": "number",
          "$value": 432,
          "$extensions": {
            "com.figma.scopes": [],
            "com.figma.hiddenFromPublishing": true
          }
        },
        "maxWidth": {
          "$type": "number",
          "$value": 607.6666666666666,
          "$extensions": {
            "com.figma.scopes": [],
            "com.figma.hiddenFromPublishing": true
          }
        }
      },
      "5": {
        "minWidth": {
          "$type": "number",
          "$value": 544,
          "$extensions": {
            "com.figma.scopes": [],
            "com.figma.hiddenFromPublishing": true
          }
        },
        "maxWidth": {
          "$type": "number",
          "$value": 763.5833333333333,
          "$extensions": {
            "com.figma.scopes": [],
            "com.figma.hiddenFromPublishing": true
          }
        }
      },
      "6": {
        "minWidth": {
          "$type": "number",
          "$value": 656,
          "$extensions": {
            "com.figma.scopes": [],
            "com.figma.hiddenFromPublishing": true
          }
        },
        "maxWidth": {
          "$type": "number",
          "$value": 919.5,
          "$extensions": {
            "com.figma.scopes": [],
            "com.figma.hiddenFromPublishing": true
          }
        }
      },
      "7": {
        "minWidth": {
          "$type": "number",
          "$value": 768,
          "$extensions": {
            "com.figma.scopes": [],
            "com.figma.hiddenFromPublishing": true
          }
        },
        "maxWidth": {
          "$type": "number",
          "$value": 1075.4166666666665,
          "$extensions": {
            "com.figma.scopes": [],
            "com.figma.hiddenFromPublishing": true
          }
        }
      },
      "8": {
        "minWidth": {
          "$type": "number",
          "$value": 880,
          "$extensions": {
            "com.figma.scopes": [],
            "com.figma.hiddenFromPublishing": true
          }
        },
        "maxWidth": {
          "$type": "number",
          "$value": 1231.3333333333333,
          "$extensions": {
            "com.figma.scopes": [],
            "com.figma.hiddenFromPublishing": true
          }
        }
      },
      "9": {
        "minWidth": {
          "$type": "number",
          "$value": 992,
          "$extensions": {
            "com.figma.scopes": [],
            "com.figma.hiddenFromPublishing": true
          }
        },
        "maxWidth": {
          "$type": "number",
          "$value": 1387.25,
          "$extensions": {
            "com.figma.scopes": [],
            "com.figma.hiddenFromPublishing": true
          }
        }
      },
      "10": {
        "minWidth": {
          "$type": "number",
          "$value": 1104,
          "$extensions": {
            "com.figma.scopes": [],
            "com.figma.hiddenFromPublishing": true
          }
        },
        "maxWidth": {
          "$type": "number",
          "$value": 1543.1666666666665,
          "$extensions": {
            "com.figma.scopes": [],
            "com.figma.hiddenFromPublishing": true
          }
        }
      },
      "11": {
        "minWidth": {
          "$type": "number",
          "$value": 1216,
          "$extensions": {
            "com.figma.scopes": [],
            "com.figma.hiddenFromPublishing": true
          }
        },
        "maxWidth": {
          "$type": "number",
          "$value": 1699.0833333333333,
          "$extensions": {
            "com.figma.scopes": [],
            "com.figma.hiddenFromPublishing": true
          }
        }
      },
      "12": {
        "minWidth": {
          "$type": "number",
          "$value": 1328,
          "$extensions": {
            "com.figma.scopes": [],
            "com.figma.hiddenFromPublishing": true
          }
        },
        "maxWidth": {
          "$type": "number",
          "$value": 1855,
          "$extensions": {
            "com.figma.scopes": [],
            "com.figma.hiddenFromPublishing": true
          }
        }
      }
    },
    "divisions": {
      "1:4": {
        "minWidth": {
          "$type": "number",
          "$value": 320,
          "$extensions": {
            "com.figma.scopes": [],
            "com.figma.hiddenFromPublishing": true
          }
        },
        "maxWidth": {
          "$type": "number",
          "$value": 452,
          "$extensions": {
            "com.figma.scopes": [],
            "com.figma.hiddenFromPublishing": true
          }
        }
      },
      "1:3": {
        "minWidth": {
          "$type": "number",
          "$value": 432,
          "$extensions": {
            "com.figma.scopes": [],
            "com.figma.hiddenFromPublishing": true
          }
        },
        "maxWidth": {
          "$type": "number",
          "$value": 608,
          "$extensions": {
            "com.figma.scopes": [],
            "com.figma.hiddenFromPublishing": true
          }
        }
      },
      "1:2": {
        "minWidth": {
          "$type": "number",
          "$value": 656,
          "$extensions": {
            "com.figma.scopes": [],
            "com.figma.hiddenFromPublishing": true
          }
        },
        "maxWidth": {
          "$type": "number",
          "$value": 920,
          "$extensions": {
            "com.figma.scopes": [],
            "com.figma.hiddenFromPublishing": true
          }
        }
      },
      "1:1": {
        "minWidth": {
          "$type": "number",
          "$value": 1328,
          "$extensions": {
            "com.figma.scopes": [],
            "com.figma.hiddenFromPublishing": true
          }
        },
        "maxWidth": {
          "$type": "number",
          "$value": 1855,
          "$extensions": {
            "com.figma.scopes": [],
            "com.figma.hiddenFromPublishing": true
          }
        }
      }
    }
  },
  "$extensions": {
    "com.figma.modeName": "xl",
    "com.figma.collectionName": "System/Breakpoints"
  }
}