{
  "viewportWidth": {
    "minWidth": {
      "$type": "number",
      "$value": 1920,
      "$extensions": {
        "com.figma.scopes": [],
        "com.figma.hiddenFromPublishing": true
      }
    },
    "maxWidth": {
      "$type": "number",
      "$value": 9999,
      "$extensions": {
        "com.figma.scopes": [],
        "com.figma.hiddenFromPublishing": true
      }
    }
  },
  "viewportHeight": {
    "portrait": {
      "1:1": {
        "minHeight": {
          "$type": "number",
          "$value": 1920,
          "$extensions": {
            "com.figma.scopes": [],
            "com.figma.hiddenFromPublishing": true
          }
        },
        "maxHeight": {
          "$type": "number",
          "$value": 9999,
          "$extensions": {
            "com.figma.scopes": [],
            "com.figma.hiddenFromPublishing": true
          }
        }
      },
      "4:3": {
        "minHeight": {
          "$type": "number",
          "$value": 1440,
          "$extensions": {
            "com.figma.scopes": [],
            "com.figma.hiddenFromPublishing": true
          }
        },
        "maxHeight": {
          "$type": "number",
          "$value": 7499,
          "$extensions": {
            "com.figma.scopes": [],
            "com.figma.hiddenFromPublishing": true
          }
        }
      },
      "16:10": {
        "minHeight": {
          "$type": "number",
          "$value": 1200,
          "$extensions": {
            "com.figma.scopes": [],
            "com.figma.hiddenFromPublishing": true
          }
        },
        "maxHeight": {
          "$type": "number",
          "$value": 6249,
          "$extensions": {
            "com.figma.scopes": [],
            "com.figma.hiddenFromPublishing": true
          }
        }
      },
      "16:9": {
        "minHeight": {
          "$type": "number",
          "$value": 1080,
          "$extensions": {
            "com.figma.scopes": [],
            "com.figma.hiddenFromPublishing": true
          }
        },
        "maxHeight": {
          "$type": "number",
          "$value": 5624,
          "$extensions": {
            "com.figma.scopes": [],
            "com.figma.hiddenFromPublishing": true
          }
        }
      },
      "18:9": {
        "minHeight": {
          "$type": "number",
          "$value": 960,
          "$extensions": {
            "com.figma.scopes": [],
            "com.figma.hiddenFromPublishing": true
          }
        },
        "maxHeight": {
          "$type": "number",
          "$value": 5000,
          "$extensions": {
            "com.figma.scopes": [],
            "com.figma.hiddenFromPublishing": true
          }
        }
      },
      "20:9": {
        "minHeight": {
          "$type": "number",
          "$value": 864,
          "$extensions": {
            "com.figma.scopes": [],
            "com.figma.hiddenFromPublishing": true
          }
        },
        "maxHeight": {
          "$type": "number",
          "$value": 4500,
          "$extensions": {
            "com.figma.scopes": [],
            "com.figma.hiddenFromPublishing": true
          }
        }
      },
      "21:9": {
        "minHeight": {
          "$type": "number",
          "$value": 823,
          "$extensions": {
            "com.figma.scopes": [],
            "com.figma.hiddenFromPublishing": true
          }
        },
        "maxHeight": {
          "$type": "number",
          "$value": 4285,
          "$extensions": {
            "com.figma.scopes": [],
            "com.figma.hiddenFromPublishing": true
          }
        }
      }
    },
    "landscape": {
      "1:1": {
        "minHeight": {
          "$type": "number",
          "$value": 1920,
          "$extensions": {
            "com.figma.scopes": [],
            "com.figma.hiddenFromPublishing": true
          }
        },
        "maxHeight": {
          "$type": "number",
          "$value": 9999,
          "$extensions": {
            "com.figma.scopes": [],
            "com.figma.hiddenFromPublishing": true
          }
        }
      },
      "4:3": {
        "minHeight": {
          "$type": "number",
          "$value": 2560,
          "$extensions": {
            "com.figma.scopes": [],
            "com.figma.hiddenFromPublishing": true
          }
        },
        "maxHeight": {
          "$type": "number",
          "$value": 13332,
          "$extensions": {
            "com.figma.scopes": [],
            "com.figma.hiddenFromPublishing": true
          }
        }
      },
      "16:10": {
        "minHeight": {
          "$type": "number",
          "$value": 3072,
          "$extensions": {
            "com.figma.scopes": [],
            "com.figma.hiddenFromPublishing": true
          }
        },
        "maxHeight": {
          "$type": "number",
          "$value": 15998,
          "$extensions": {
            "com.figma.scopes": [],
            "com.figma.hiddenFromPublishing": true
          }
        }
      },
      "16:9": {
        "minHeight": {
          "$type": "number",
          "$value": 3413,
          "$extensions": {
            "com.figma.scopes": [],
            "com.figma.hiddenFromPublishing": true
          }
        },
        "maxHeight": {
          "$type": "number",
          "$value": 17776,
          "$extensions": {
            "com.figma.scopes": [],
            "com.figma.hiddenFromPublishing": true
          }
        }
      },
      "18:9": {
        "minHeight": {
          "$type": "number",
          "$value": 3840,
          "$extensions": {
            "com.figma.scopes": [],
            "com.figma.hiddenFromPublishing": true
          }
        },
        "maxHeight": {
          "$type": "number",
          "$value": 19998,
          "$extensions": {
            "com.figma.scopes": [],
            "com.figma.hiddenFromPublishing": true
          }
        }
      },
      "20:9": {
        "minHeight": {
          "$type": "number",
          "$value": 4267,
          "$extensions": {
            "com.figma.scopes": [],
            "com.figma.hiddenFromPublishing": true
          }
        },
        "maxHeight": {
          "$type": "number",
          "$value": 22220,
          "$extensions": {
            "com.figma.scopes": [],
            "com.figma.hiddenFromPublishing": true
          }
        }
      },
      "21:9": {
        "minHeight": {
          "$type": "number",
          "$value": 4480,
          "$extensions": {
            "com.figma.scopes": [],
            "com.figma.hiddenFromPublishing": true
          }
        },
        "maxHeight": {
          "$type": "number",
          "$value": 23331,
          "$extensions": {
            "com.figma.scopes": [],
            "com.figma.hiddenFromPublishing": true
          }
        }
      }
    }
  },
  "contentWidth": {
    "columns": {
      "1": {
        "minWidth": {
          "$type": "number",
          "$value": 96,
          "$extensions": {
            "com.figma.scopes": [],
            "com.figma.hiddenFromPublishing": true
          }
        },
        "maxWidth": {
          "$type": "number",
          "$value": 813.25,
          "$extensions": {
            "com.figma.scopes": [],
            "com.figma.hiddenFromPublishing": true
          }
        }
      },
      "2": {
        "minWidth": {
          "$type": "number",
          "$value": 208,
          "$extensions": {
            "com.figma.scopes": [],
            "com.figma.hiddenFromPublishing": true
          }
        },
        "maxWidth": {
          "$type": "number",
          "$value": 1642.5,
          "$extensions": {
            "com.figma.scopes": [],
            "com.figma.hiddenFromPublishing": true
          }
        }
      },
      "3": {
        "minWidth": {
          "$type": "number",
          "$value": 320,
          "$extensions": {
            "com.figma.scopes": [],
            "com.figma.hiddenFromPublishing": true
          }
        },
        "maxWidth": {
          "$type": "number",
          "$value": 1856,
          "$extensions": {
            "com.figma.scopes": [],
            "com.figma.hiddenFromPublishing": true
          }
        }
      },
      "4": {
        "minWidth": {
          "$type": "number",
          "$value": 432,
          "$extensions": {
            "com.figma.scopes": [],
            "com.figma.hiddenFromPublishing": true
          }
        },
        "maxWidth": {
          "$type": "number",
          "$value": 1856,
          "$extensions": {
            "com.figma.scopes": [],
            "com.figma.hiddenFromPublishing": true
          }
        }
      },
      "5": {
        "minWidth": {
          "$type": "number",
          "$value": 544,
          "$extensions": {
            "com.figma.scopes": [],
            "com.figma.hiddenFromPublishing": true
          }
        },
        "maxWidth": {
          "$type": "number",
          "$value": 1856,
          "$extensions": {
            "com.figma.scopes": [],
            "com.figma.hiddenFromPublishing": true
          }
        }
      },
      "6": {
        "minWidth": {
          "$type": "number",
          "$value": 656,
          "$extensions": {
            "com.figma.scopes": [],
            "com.figma.hiddenFromPublishing": true
          }
        },
        "maxWidth": {
          "$type": "number",
          "$value": 1856,
          "$extensions": {
            "com.figma.scopes": [],
            "com.figma.hiddenFromPublishing": true
          }
        }
      },
      "7": {
        "minWidth": {
          "$type": "number",
          "$value": 768,
          "$extensions": {
            "com.figma.scopes": [],
            "com.figma.hiddenFromPublishing": true
          }
        },
        "maxWidth": {
          "$type": "number",
          "$value": 1856,
          "$extensions": {
            "com.figma.scopes": [],
            "com.figma.hiddenFromPublishing": true
          }
        }
      },
      "8": {
        "minWidth": {
          "$type": "number",
          "$value": 880,
          "$extensions": {
            "com.figma.scopes": [],
            "com.figma.hiddenFromPublishing": true
          }
        },
        "maxWidth": {
          "$type": "number",
          "$value": 1856,
          "$extensions": {
            "com.figma.scopes": [],
            "com.figma.hiddenFromPublishing": true
          }
        }
      },
      "9": {
        "minWidth": {
          "$type": "number",
          "$value": 992,
          "$extensions": {
            "com.figma.scopes": [],
            "com.figma.hiddenFromPublishing": true
          }
        },
        "maxWidth": {
          "$type": "number",
          "$value": 1856,
          "$extensions": {
            "com.figma.scopes": [],
            "com.figma.hiddenFromPublishing": true
          }
        }
      },
      "10": {
        "minWidth": {
          "$type": "number",
          "$value": 1104,
          "$extensions": {
            "com.figma.scopes": [],
            "com.figma.hiddenFromPublishing": true
          }
        },
        "maxWidth": {
          "$type": "number",
          "$value": 1856,
          "$extensions": {
            "com.figma.scopes": [],
            "com.figma.hiddenFromPublishing": true
          }
        }
      },
      "11": {
        "minWidth": {
          "$type": "number",
          "$value": 1216,
          "$extensions": {
            "com.figma.scopes": [],
            "com.figma.hiddenFromPublishing": true
          }
        },
        "maxWidth": {
          "$type": "number",
          "$value": 1856,
          "$extensions": {
            "com.figma.scopes": [],
            "com.figma.hiddenFromPublishing": true
          }
        }
      },
      "12": {
        "minWidth": {
          "$type": "number",
          "$value": 1328,
          "$extensions": {
            "com.figma.scopes": [],
            "com.figma.hiddenFromPublishing": true
          }
        },
        "maxWidth": {
          "$type": "number",
          "$value": 1856,
          "$extensions": {
            "com.figma.scopes": [],
            "com.figma.hiddenFromPublishing": true
          }
        }
      }
    },
    "divisions": {
      "1:4": {
        "minWidth": {
          "$type": "number",
          "$value": 320,
          "$extensions": {
            "com.figma.scopes": [],
            "com.figma.hiddenFromPublishing": true
          }
        },
        "maxWidth": {
          "$type": "number",
          "$value": 2472,
          "$extensions": {
            "com.figma.scopes": [],
            "com.figma.hiddenFromPublishing": true
          }
        }
      },
      "1:3": {
        "minWidth": {
          "$type": "number",
          "$value": 432,
          "$extensions": {
            "com.figma.scopes": [],
            "com.figma.hiddenFromPublishing": true
          }
        },
        "maxWidth": {
          "$type": "number",
          "$value": 3301,
          "$extensions": {
            "com.figma.scopes": [],
            "com.figma.hiddenFromPublishing": true
          }
        }
      },
      "1:2": {
        "minWidth": {
          "$type": "number",
          "$value": 656,
          "$extensions": {
            "com.figma.scopes": [],
            "com.figma.hiddenFromPublishing": true
          }
        },
        "maxWidth": {
          "$type": "number",
          "$value": 4960,
          "$extensions": {
            "com.figma.scopes": [],
            "com.figma.hiddenFromPublishing": true
          }
        }
      },
      "1:1": {
        "minWidth": {
          "$type": "number",
          "$value": 1328,
          "$extensions": {
            "com.figma.scopes": [],
            "com.figma.hiddenFromPublishing": true
          }
        },
        "maxWidth": {
          "$type": "number",
          "$value": 9935,
          "$extensions": {
            "com.figma.scopes": [],
            "com.figma.hiddenFromPublishing": true
          }
        }
      }
    }
  },
  "$extensions": {
    "com.figma.modeName": "xxl",
    "com.figma.collectionName": "System/Breakpoints"
  }
}