{
  "brand": {
    "primary": {
      "core": {
        "light": {
          "$type": "color",
          "$value": {
            "colorSpace": "srgb",
            "components": [
              0,
              0.6509803921568628,
              0.8588235294117647
            ],
            "alpha": 1,
            "hex": "#00A6DB"
          },
          "$extensions": {
            "com.figma.scopes": [
              "SHAPE_FILL",
              "FRAME_FILL"
            ],
            "com.figma.aliasdata": {
              "targetVariableName": "{brand.primary.shades.400}",
              "targetVariableSetName": "Style/Colors/Palette"
            }
          }
        },
        "main": {
          "$type": "color",
          "$value": {
            "colorSpace": "srgb",
            "components": [
              0,
              0.5372549019607843,
              0.7176470588235294
            ],
            "alpha": 1,
            "hex": "#0089B7"
          },
          "$extensions": {
            "com.figma.scopes": [
              "SHAPE_FILL",
              "FRAME_FILL"
            ],
            "com.figma.aliasdata": {
              "targetVariableName": "{brand.primary.shades.500}",
              "targetVariableSetName": "Style/Colors/Palette"
            }
          }
        },
        "dark": {
          "$type": "color",
          "$value": {
            "colorSpace": "srgb",
            "components": [
              0,
              0.4196078431372549,
              0.5725490196078431
            ],
            "alpha": 1,
            "hex": "#006B92"
          },
          "$extensions": {
            "com.figma.scopes": [
              "SHAPE_FILL",
              "FRAME_FILL"
            ],
            "com.figma.aliasdata": {
              "targetVariableName": "{brand.primary.shades.600}",
              "targetVariableSetName": "Style/Colors/Palette"
            }
          }
        }
      },
      "contrast": {
        "light": {
          "$type": "color",
          "$value": {
            "colorSpace": "srgb",
            "components": [
              0.050980392156862744,
              0.050980392156862744,
              0.050980392156862744
            ],
            "alpha": 1,
            "hex": "#0D0D0D"
          },
          "$extensions": {
            "com.figma.scopes": [
              "SHAPE_FILL",
              "FRAME_FILL"
            ]
          }
        },
        "main": {
          "$type": "color",
          "$value": {
            "colorSpace": "srgb",
            "components": [
              0.050980392156862744,
              0.050980392156862744,
              0.050980392156862744
            ],
            "alpha": 1,
            "hex": "#0D0D0D"
          },
          "$extensions": {
            "com.figma.scopes": [
              "SHAPE_FILL",
              "FRAME_FILL"
            ]
          }
        },
        "dark": {
          "$type": "color",
          "$value": {
            "colorSpace": "srgb",
            "components": [
              0.9490196078431372,
              0.9490196078431372,
              0.9490196078431372
            ],
            "alpha": 1,
            "hex": "#F2F2F2"
          },
          "$extensions": {
            "com.figma.scopes": [
              "SHAPE_FILL",
              "FRAME_FILL"
            ]
          }
        }
      },
      "state": {
        "enabled": {
          "$type": "color",
          "$value": {
            "colorSpace": "srgb",
            "components": [
              0.8235294117647058,
              0.9137254901960784,
              0.9607843137254902
            ],
            "alpha": 1,
            "hex": "#D2E9F5"
          },
          "$extensions": {
            "com.figma.scopes": [
              "SHAPE_FILL",
              "FRAME_FILL"
            ],
            "com.figma.aliasdata": {
              "targetVariableName": "{brand.primary.opacities.100}",
              "targetVariableSetName": "Style/Colors/Palette"
            }
          }
        },
        "disabled": {
          "$type": "color",
          "$value": {
            "colorSpace": "srgb",
            "components": [
              0.8235294117647058,
              0.9137254901960784,
              0.9607843137254902
            ],
            "alpha": 1,
            "hex": "#D2E9F5"
          },
          "$extensions": {
            "com.figma.scopes": [
              "SHAPE_FILL",
              "FRAME_FILL"
            ],
            "com.figma.aliasdata": {
              "targetVariableName": "{brand.primary.opacities.100}",
              "targetVariableSetName": "Style/Colors/Palette"
            }
          }
        },
        "hovered": {
          "$type": "color",
          "$value": {
            "colorSpace": "srgb",
            "components": [
              0.9333333333333333,
              0.9333333333333333,
              0.9333333333333333
            ],
            "alpha": 1,
            "hex": "#EEEEEE"
          },
          "$extensions": {
            "com.figma.scopes": [
              "SHAPE_FILL",
              "FRAME_FILL"
            ],
            "com.figma.aliasdata": {
              "targetVariableName": "{brand.primary.opacities.50}",
              "targetVariableSetName": "Style/Colors/Palette"
            }
          }
        },
        "selected": {
          "$type": "color",
          "$value": {
            "colorSpace": "srgb",
            "components": [
              0.050980392156862744,
              0.7254901960784313,
              0.9490196078431372
            ],
            "alpha": 1,
            "hex": "#0DB9F2"
          },
          "$extensions": {
            "com.figma.scopes": [
              "SHAPE_FILL",
              "FRAME_FILL"
            ],
            "com.figma.aliasdata": {
              "targetVariableName": "{brand.primary.opacities.150}",
              "targetVariableSetName": "Style/Colors/Palette"
            }
          }
        },
        "focused": {
          "$type": "color",
          "$value": {
            "colorSpace": "srgb",
            "components": [
              0.3568627450980392,
              0.7568627450980392,
              0.9294117647058824
            ],
            "alpha": 1,
            "hex": "#5BC1ED"
          },
          "$extensions": {
            "com.figma.scopes": [
              "SHAPE_FILL",
              "FRAME_FILL"
            ],
            "com.figma.aliasdata": {
              "targetVariableName": "{brand.primary.opacities.300}",
              "targetVariableSetName": "Style/Colors/Palette"
            }
          }
        }
      },
      "borderColor": {
        "$type": "color",
        "$value": {
          "colorSpace": "srgb",
          "components": [
            0.050980392156862744,
            0.7254901960784313,
            0.9490196078431372
          ],
          "alpha": 1,
          "hex": "#0DB9F2"
        },
        "$extensions": {
          "com.figma.scopes": [
            "STROKE_COLOR"
          ],
          "com.figma.aliasdata": {
            "targetVariableName": "{brand.primary.opacities.500}",
            "targetVariableSetName": "Style/Colors/Palette"
          }
        }
      }
    },
    "secondary": {
      "core": {
        "light": {
          "$type": "color",
          "$value": {
            "colorSpace": "srgb",
            "components": [
              0.30196078431372547,
              0.6705882352941176,
              0.6078431372549019
            ],
            "alpha": 1,
            "hex": "#4DAB9B"
          },
          "$extensions": {
            "com.figma.scopes": [
              "SHAPE_FILL",
              "FRAME_FILL"
            ],
            "com.figma.aliasdata": {
              "targetVariableName": "{brand.secondary.shades.400}",
              "targetVariableSetName": "Style/Colors/Palette"
            }
          }
        },
        "main": {
          "$type": "color",
          "$value": {
            "colorSpace": "srgb",
            "components": [
              0.13333333333333333,
              0.5647058823529412,
              0.5019607843137255
            ],
            "alpha": 1,
            "hex": "#229080"
          },
          "$extensions": {
            "com.figma.scopes": [
              "SHAPE_FILL",
              "FRAME_FILL"
            ],
            "com.figma.aliasdata": {
              "targetVariableName": "{brand.secondary.shades.500}",
              "targetVariableSetName": "Style/Colors/Palette"
            }
          }
        },
        "dark": {
          "$type": "color",
          "$value": {
            "colorSpace": "srgb",
            "components": [
              0,
              0.4470588235294118,
              0.396078431372549
            ],
            "alpha": 1,
            "hex": "#007265"
          },
          "$extensions": {
            "com.figma.scopes": [
              "SHAPE_FILL",
              "FRAME_FILL"
            ],
            "com.figma.aliasdata": {
              "targetVariableName": "{brand.secondary.shades.600}",
              "targetVariableSetName": "Style/Colors/Palette"
            }
          }
        }
      },
      "contrast": {
        "light": {
          "$type": "color",
          "$value": {
            "colorSpace": "srgb",
            "components": [
              0.050980392156862744,
              0.050980392156862744,
              0.050980392156862744
            ],
            "alpha": 1,
            "hex": "#0D0D0D"
          },
          "$extensions": {
            "com.figma.scopes": [
              "SHAPE_FILL",
              "FRAME_FILL"
            ]
          }
        },
        "main": {
          "$type": "color",
          "$value": {
            "colorSpace": "srgb",
            "components": [
              0.050980392156862744,
              0.050980392156862744,
              0.050980392156862744
            ],
            "alpha": 1,
            "hex": "#0D0D0D"
          },
          "$extensions": {
            "com.figma.scopes": [
              "SHAPE_FILL",
              "FRAME_FILL"
            ]
          }
        },
        "dark": {
          "$type": "color",
          "$value": {
            "colorSpace": "srgb",
            "components": [
              0.9490196078431372,
              0.9490196078431372,
              0.9490196078431372
            ],
            "alpha": 1,
            "hex": "#F2F2F2"
          },
          "$extensions": {
            "com.figma.scopes": [
              "SHAPE_FILL",
              "FRAME_FILL"
            ]
          }
        }
      },
      "state": {
        "enabled": {
          "$type": "color",
          "$value": {
            "colorSpace": "srgb",
            "components": [
              0.8431372549019608,
              0.9176470588235294,
              0.8980392156862745
            ],
            "alpha": 1,
            "hex": "#D7EAE5"
          },
          "$extensions": {
            "com.figma.scopes": [
              "SHAPE_FILL",
              "FRAME_FILL"
            ],
            "com.figma.aliasdata": {
              "targetVariableName": "{brand.secondary.opacities.100}",
              "targetVariableSetName": "Style/Colors/Palette"
            }
          }
        },
        "disabled": {
          "$type": "color",
          "$value": {
            "colorSpace": "srgb",
            "components": [
              0.8431372549019608,
              0.9176470588235294,
              0.8980392156862745
            ],
            "alpha": 1,
            "hex": "#D7EAE5"
          },
          "$extensions": {
            "com.figma.scopes": [
              "SHAPE_FILL",
              "FRAME_FILL"
            ],
            "com.figma.aliasdata": {
              "targetVariableName": "{brand.secondary.opacities.100}",
              "targetVariableSetName": "Style/Colors/Palette"
            }
          }
        },
        "hovered": {
          "$type": "color",
          "$value": {
            "colorSpace": "srgb",
            "components": [
              0.9333333333333333,
              0.9333333333333333,
              0.9333333333333333
            ],
            "alpha": 1,
            "hex": "#EEEEEE"
          },
          "$extensions": {
            "com.figma.scopes": [
              "SHAPE_FILL",
              "FRAME_FILL"
            ],
            "com.figma.aliasdata": {
              "targetVariableName": "{brand.secondary.opacities.50}",
              "targetVariableSetName": "Style/Colors/Palette"
            }
          }
        },
        "selected": {
          "$type": "color",
          "$value": {
            "colorSpace": "srgb",
            "components": [
              0.30196078431372547,
              0.6980392156862745,
              0.6313725490196078
            ],
            "alpha": 1,
            "hex": "#4DB2A1"
          },
          "$extensions": {
            "com.figma.scopes": [
              "SHAPE_FILL",
              "FRAME_FILL"
            ],
            "com.figma.aliasdata": {
              "targetVariableName": "{brand.secondary.opacities.150}",
              "targetVariableSetName": "Style/Colors/Palette"
            }
          }
        },
        "focused": {
          "$type": "color",
          "$value": {
            "colorSpace": "srgb",
            "components": [
              0.47843137254901963,
              0.7686274509803922,
              0.7098039215686275
            ],
            "alpha": 1,
            "hex": "#7AC4B5"
          },
          "$extensions": {
            "com.figma.scopes": [
              "SHAPE_FILL",
              "FRAME_FILL"
            ],
            "com.figma.aliasdata": {
              "targetVariableName": "{brand.secondary.opacities.300}",
              "targetVariableSetName": "Style/Colors/Palette"
            }
          }
        }
      },
      "borderColor": {
        "$type": "color",
        "$value": {
          "colorSpace": "srgb",
          "components": [
            0.30196078431372547,
            0.6980392156862745,
            0.6313725490196078
          ],
          "alpha": 1,
          "hex": "#4DB2A1"
        },
        "$extensions": {
          "com.figma.scopes": [
            "STROKE_COLOR"
          ],
          "com.figma.aliasdata": {
            "targetVariableName": "{brand.secondary.opacities.500}",
            "targetVariableSetName": "Style/Colors/Palette"
          }
        }
      }
    },
    "accent": {
      "core": {
        "light": {
          "$type": "color",
          "$value": {
            "colorSpace": "srgb",
            "components": [
              0.6941176470588235,
              0.5764705882352941,
              0.40784313725490196
            ],
            "alpha": 1,
            "hex": "#B19368"
          },
          "$extensions": {
            "com.figma.scopes": [
              "SHAPE_FILL",
              "FRAME_FILL"
            ],
            "com.figma.aliasdata": {
              "targetVariableName": "{brand.accent.shades.400}",
              "targetVariableSetName": "Style/Colors/Palette"
            }
          }
        },
        "main": {
          "$type": "color",
          "$value": {
            "colorSpace": "srgb",
            "components": [
              0.5882352941176471,
              0.4666666666666667,
              0.2901960784313726
            ],
            "alpha": 1,
            "hex": "#96774A"
          },
          "$extensions": {
            "com.figma.scopes": [
              "SHAPE_FILL",
              "FRAME_FILL"
            ],
            "com.figma.aliasdata": {
              "targetVariableName": "{brand.accent.shades.500}",
              "targetVariableSetName": "Style/Colors/Palette"
            }
          }
        },
        "dark": {
          "$type": "color",
          "$value": {
            "colorSpace": "srgb",
            "components": [
              0.4745098039215686,
              0.3607843137254902,
              0.2
            ],
            "alpha": 1,
            "hex": "#795C33"
          },
          "$extensions": {
            "com.figma.scopes": [
              "SHAPE_FILL",
              "FRAME_FILL"
            ],
            "com.figma.aliasdata": {
              "targetVariableName": "{brand.accent.shades.600}",
              "targetVariableSetName": "Style/Colors/Palette"
            }
          }
        }
      },
      "contrast": {
        "light": {
          "$type": "color",
          "$value": {
            "colorSpace": "srgb",
            "components": [
              0.050980392156862744,
              0.050980392156862744,
              0.050980392156862744
            ],
            "alpha": 1,
            "hex": "#0D0D0D"
          },
          "$extensions": {
            "com.figma.scopes": [
              "SHAPE_FILL",
              "FRAME_FILL"
            ]
          }
        },
        "main": {
          "$type": "color",
          "$value": {
            "colorSpace": "srgb",
            "components": [
              0.050980392156862744,
              0.050980392156862744,
              0.050980392156862744
            ],
            "alpha": 1,
            "hex": "#0D0D0D"
          },
          "$extensions": {
            "com.figma.scopes": [
              "SHAPE_FILL",
              "FRAME_FILL"
            ]
          }
        },
        "dark": {
          "$type": "color",
          "$value": {
            "colorSpace": "srgb",
            "components": [
              0.9490196078431372,
              0.9490196078431372,
              0.9490196078431372
            ],
            "alpha": 1,
            "hex": "#F2F2F2"
          },
          "$extensions": {
            "com.figma.scopes": [
              "SHAPE_FILL",
              "FRAME_FILL"
            ]
          }
        }
      },
      "state": {
        "enabled": {
          "$type": "color",
          "$value": {
            "colorSpace": "srgb",
            "components": [
              0.9215686274509803,
              0.8941176470588236,
              0.8549019607843137
            ],
            "alpha": 1,
            "hex": "#EBE4DA"
          },
          "$extensions": {
            "com.figma.scopes": [
              "SHAPE_FILL",
              "FRAME_FILL"
            ],
            "com.figma.aliasdata": {
              "targetVariableName": "{brand.accent.opacities.100}",
              "targetVariableSetName": "Style/Colors/Palette"
            }
          }
        },
        "disabled": {
          "$type": "color",
          "$value": {
            "colorSpace": "srgb",
            "components": [
              0.9215686274509803,
              0.8941176470588236,
              0.8549019607843137
            ],
            "alpha": 1,
            "hex": "#EBE4DA"
          },
          "$extensions": {
            "com.figma.scopes": [
              "SHAPE_FILL",
              "FRAME_FILL"
            ],
            "com.figma.aliasdata": {
              "targetVariableName": "{brand.accent.opacities.100}",
              "targetVariableSetName": "Style/Colors/Palette"
            }
          }
        },
        "hovered": {
          "$type": "color",
          "$value": {
            "colorSpace": "srgb",
            "components": [
              0.9333333333333333,
              0.9333333333333333,
              0.9333333333333333
            ],
            "alpha": 1,
            "hex": "#EEEEEE"
          },
          "$extensions": {
            "com.figma.scopes": [
              "SHAPE_FILL",
              "FRAME_FILL"
            ],
            "com.figma.aliasdata": {
              "targetVariableName": "{brand.accent.opacities.50}",
              "targetVariableSetName": "Style/Colors/Palette"
            }
          }
        },
        "selected": {
          "$type": "color",
          "$value": {
            "colorSpace": "srgb",
            "components": [
              0.6509803921568628,
              0.5254901960784314,
              0.34901960784313724
            ],
            "alpha": 1,
            "hex": "#A68659"
          },
          "$extensions": {
            "com.figma.scopes": [
              "SHAPE_FILL",
              "FRAME_FILL"
            ],
            "com.figma.aliasdata": {
              "targetVariableName": "{brand.accent.opacities.150}",
              "targetVariableSetName": "Style/Colors/Palette"
            }
          }
        },
        "focused": {
          "$type": "color",
          "$value": {
            "colorSpace": "srgb",
            "components": [
              0.788235294117647,
              0.6862745098039216,
              0.5450980392156862
            ],
            "alpha": 1,
            "hex": "#C9AF8B"
          },
          "$extensions": {
            "com.figma.scopes": [
              "SHAPE_FILL",
              "FRAME_FILL"
            ],
            "com.figma.aliasdata": {
              "targetVariableName": "{brand.accent.opacities.300}",
              "targetVariableSetName": "Style/Colors/Palette"
            }
          }
        }
      },
      "borderColor": {
        "$type": "color",
        "$value": {
          "colorSpace": "srgb",
          "components": [
            0.6509803921568628,
            0.5254901960784314,
            0.34901960784313724
          ],
          "alpha": 1,
          "hex": "#A68659"
        },
        "$extensions": {
          "com.figma.scopes": [
            "STROKE_COLOR"
          ],
          "com.figma.aliasdata": {
            "targetVariableName": "{brand.accent.opacities.500}",
            "targetVariableSetName": "Style/Colors/Palette"
          }
        }
      }
    }
  },
  "feedback": {
    "info": {
      "core": {
        "light": {
          "$type": "color",
          "$value": {
            "colorSpace": "srgb",
            "components": [
              0,
              0.6980392156862745,
              0.592156862745098
            ],
            "alpha": 1,
            "hex": "#00B297"
          },
          "$extensions": {
            "com.figma.scopes": [
              "SHAPE_FILL",
              "FRAME_FILL"
            ],
            "com.figma.aliasdata": {
              "targetVariableName": "{feedback.info.shades.400}",
              "targetVariableSetName": "Style/Colors/Palette"
            }
          }
        },
        "main": {
          "$type": "color",
          "$value": {
            "colorSpace": "srgb",
            "components": [
              0,
              0.5764705882352941,
              0.49019607843137253
            ],
            "alpha": 1,
            "hex": "#00937D"
          },
          "$extensions": {
            "com.figma.scopes": [
              "SHAPE_FILL",
              "FRAME_FILL"
            ],
            "com.figma.aliasdata": {
              "targetVariableName": "{feedback.info.shades.500}",
              "targetVariableSetName": "Style/Colors/Palette"
            }
          }
        },
        "dark": {
          "$type": "color",
          "$value": {
            "colorSpace": "srgb",
            "components": [
              0,
              0.4588235294117647,
              0.3843137254901961
            ],
            "alpha": 1,
            "hex": "#007562"
          },
          "$extensions": {
            "com.figma.scopes": [
              "SHAPE_FILL",
              "FRAME_FILL"
            ],
            "com.figma.aliasdata": {
              "targetVariableName": "{feedback.info.shades.600}",
              "targetVariableSetName": "Style/Colors/Palette"
            }
          }
        }
      },
      "contrast": {
        "light": {
          "$type": "color",
          "$value": {
            "colorSpace": "srgb",
            "components": [
              0.050980392156862744,
              0.050980392156862744,
              0.050980392156862744
            ],
            "alpha": 1,
            "hex": "#0D0D0D"
          },
          "$extensions": {
            "com.figma.scopes": [
              "SHAPE_FILL",
              "FRAME_FILL"
            ]
          }
        },
        "main": {
          "$type": "color",
          "$value": {
            "colorSpace": "srgb",
            "components": [
              0.050980392156862744,
              0.050980392156862744,
              0.050980392156862744
            ],
            "alpha": 1,
            "hex": "#0D0D0D"
          },
          "$extensions": {
            "com.figma.scopes": [
              "SHAPE_FILL",
              "FRAME_FILL"
            ]
          }
        },
        "dark": {
          "$type": "color",
          "$value": {
            "colorSpace": "srgb",
            "components": [
              0.9490196078431372,
              0.9490196078431372,
              0.9490196078431372
            ],
            "alpha": 1,
            "hex": "#F2F2F2"
          },
          "$extensions": {
            "com.figma.scopes": [
              "SHAPE_FILL",
              "FRAME_FILL"
            ]
          }
        }
      },
      "state": {
        "enabled": {
          "$type": "color",
          "$value": {
            "colorSpace": "srgb",
            "components": [
              0.8156862745098039,
              0.9254901960784314,
              0.8941176470588236
            ],
            "alpha": 1,
            "hex": "#D0ECE4"
          },
          "$extensions": {
            "com.figma.scopes": [
              "SHAPE_FILL",
              "FRAME_FILL"
            ],
            "com.figma.aliasdata": {
              "targetVariableName": "{feedback.info.opacities.100}",
              "targetVariableSetName": "Style/Colors/Palette"
            }
          }
        },
        "disabled": {
          "$type": "color",
          "$value": {
            "colorSpace": "srgb",
            "components": [
              0.8156862745098039,
              0.9254901960784314,
              0.8941176470588236
            ],
            "alpha": 1,
            "hex": "#D0ECE4"
          },
          "$extensions": {
            "com.figma.scopes": [
              "SHAPE_FILL",
              "FRAME_FILL"
            ],
            "com.figma.aliasdata": {
              "targetVariableName": "{feedback.info.opacities.100}",
              "targetVariableSetName": "Style/Colors/Palette"
            }
          }
        },
        "hovered": {
          "$type": "color",
          "$value": {
            "colorSpace": "srgb",
            "components": [
              0.9333333333333333,
              0.9333333333333333,
              0.9333333333333333
            ],
            "alpha": 1,
            "hex": "#EEEEEE"
          },
          "$extensions": {
            "com.figma.scopes": [
              "SHAPE_FILL",
              "FRAME_FILL"
            ],
            "com.figma.aliasdata": {
              "targetVariableName": "{feedback.info.opacities.50}",
              "targetVariableSetName": "Style/Colors/Palette"
            }
          }
        },
        "selected": {
          "$type": "color",
          "$value": {
            "colorSpace": "srgb",
            "components": [
              0.10196078431372549,
              0.8980392156862745,
              0.7647058823529411
            ],
            "alpha": 1,
            "hex": "#1AE5C3"
          },
          "$extensions": {
            "com.figma.scopes": [
              "SHAPE_FILL",
              "FRAME_FILL"
            ],
            "com.figma.aliasdata": {
              "targetVariableName": "{feedback.info.opacities.150}",
              "targetVariableSetName": "Style/Colors/Palette"
            }
          }
        },
        "focused": {
          "$type": "color",
          "$value": {
            "colorSpace": "srgb",
            "components": [
              0.2980392156862745,
              0.8,
              0.6941176470588235
            ],
            "alpha": 1,
            "hex": "#4CCCB1"
          },
          "$extensions": {
            "com.figma.scopes": [
              "SHAPE_FILL",
              "FRAME_FILL"
            ],
            "com.figma.aliasdata": {
              "targetVariableName": "{feedback.info.opacities.300}",
              "targetVariableSetName": "Style/Colors/Palette"
            }
          }
        }
      },
      "borderColor": {
        "$type": "color",
        "$value": {
          "colorSpace": "srgb",
          "components": [
            0.10196078431372549,
            0.8980392156862745,
            0.7647058823529411
          ],
          "alpha": 1,
          "hex": "#1AE5C3"
        },
        "$extensions": {
          "com.figma.scopes": [
            "STROKE_COLOR"
          ],
          "com.figma.aliasdata": {
            "targetVariableName": "{feedback.info.opacities.500}",
            "targetVariableSetName": "Style/Colors/Palette"
          }
        }
      }
    },
    "success": {
      "core": {
        "light": {
          "$type": "color",
          "$value": {
            "colorSpace": "srgb",
            "components": [
              0.5764705882352941,
              0.6431372549019608,
              0
            ],
            "alpha": 1,
            "hex": "#93A400"
          },
          "$extensions": {
            "com.figma.scopes": [
              "SHAPE_FILL",
              "FRAME_FILL"
            ],
            "com.figma.aliasdata": {
              "targetVariableName": "{feedback.success.shades.400}",
              "targetVariableSetName": "Style/Colors/Palette"
            }
          }
        },
        "main": {
          "$type": "color",
          "$value": {
            "colorSpace": "srgb",
            "components": [
              0.5019607843137255,
              0.5254901960784314,
              0
            ],
            "alpha": 1,
            "hex": "#808600"
          },
          "$extensions": {
            "com.figma.scopes": [
              "SHAPE_FILL",
              "FRAME_FILL"
            ],
            "com.figma.aliasdata": {
              "targetVariableName": "{feedback.success.shades.500}",
              "targetVariableSetName": "Style/Colors/Palette"
            }
          }
        },
        "dark": {
          "$type": "color",
          "$value": {
            "colorSpace": "srgb",
            "components": [
              0.39215686274509803,
              0.4117647058823529,
              0
            ],
            "alpha": 1,
            "hex": "#646900"
          },
          "$extensions": {
            "com.figma.scopes": [
              "SHAPE_FILL",
              "FRAME_FILL"
            ],
            "com.figma.aliasdata": {
              "targetVariableName": "{feedback.success.shades.600}",
              "targetVariableSetName": "Style/Colors/Palette"
            }
          }
        }
      },
      "contrast": {
        "light": {
          "$type": "color",
          "$value": {
            "colorSpace": "srgb",
            "components": [
              0.050980392156862744,
              0.050980392156862744,
              0.050980392156862744
            ],
            "alpha": 1,
            "hex": "#0D0D0D"
          },
          "$extensions": {
            "com.figma.scopes": [
              "SHAPE_FILL",
              "FRAME_FILL"
            ]
          }
        },
        "main": {
          "$type": "color",
          "$value": {
            "colorSpace": "srgb",
            "components": [
              0.050980392156862744,
              0.050980392156862744,
              0.050980392156862744
            ],
            "alpha": 1,
            "hex": "#0D0D0D"
          },
          "$extensions": {
            "com.figma.scopes": [
              "SHAPE_FILL",
              "FRAME_FILL"
            ]
          }
        },
        "dark": {
          "$type": "color",
          "$value": {
            "colorSpace": "srgb",
            "components": [
              0.9490196078431372,
              0.9490196078431372,
              0.9490196078431372
            ],
            "alpha": 1,
            "hex": "#F2F2F2"
          },
          "$extensions": {
            "com.figma.scopes": [
              "SHAPE_FILL",
              "FRAME_FILL"
            ]
          }
        }
      },
      "state": {
        "enabled": {
          "$type": "color",
          "$value": {
            "colorSpace": "srgb",
            "components": [
              0.8823529411764706,
              0.9176470588235294,
              0.796078431372549
            ],
            "alpha": 1,
            "hex": "#E1EACB"
          },
          "$extensions": {
            "com.figma.scopes": [
              "SHAPE_FILL",
              "FRAME_FILL"
            ],
            "com.figma.aliasdata": {
              "targetVariableName": "{feedback.success.opacities.100}",
              "targetVariableSetName": "Style/Colors/Palette"
            }
          }
        },
        "disabled": {
          "$type": "color",
          "$value": {
            "colorSpace": "srgb",
            "components": [
              0.8823529411764706,
              0.9176470588235294,
              0.796078431372549
            ],
            "alpha": 1,
            "hex": "#E1EACB"
          },
          "$extensions": {
            "com.figma.scopes": [
              "SHAPE_FILL",
              "FRAME_FILL"
            ],
            "com.figma.aliasdata": {
              "targetVariableName": "{feedback.success.opacities.100}",
              "targetVariableSetName": "Style/Colors/Palette"
            }
          }
        },
        "hovered": {
          "$type": "color",
          "$value": {
            "colorSpace": "srgb",
            "components": [
              0.9333333333333333,
              0.9333333333333333,
              0.9333333333333333
            ],
            "alpha": 1,
            "hex": "#EEEEEE"
          },
          "$extensions": {
            "com.figma.scopes": [
              "SHAPE_FILL",
              "FRAME_FILL"
            ],
            "com.figma.aliasdata": {
              "targetVariableName": "{feedback.success.opacities.50}",
              "targetVariableSetName": "Style/Colors/Palette"
            }
          }
        },
        "selected": {
          "$type": "color",
          "$value": {
            "colorSpace": "srgb",
            "components": [
              0.7647058823529411,
              0.8980392156862745,
              0.10196078431372549
            ],
            "alpha": 1,
            "hex": "#C3E51A"
          },
          "$extensions": {
            "com.figma.scopes": [
              "SHAPE_FILL",
              "FRAME_FILL"
            ],
            "com.figma.aliasdata": {
              "targetVariableName": "{feedback.success.opacities.150}",
              "targetVariableSetName": "Style/Colors/Palette"
            }
          }
        },
        "focused": {
          "$type": "color",
          "$value": {
            "colorSpace": "srgb",
            "components": [
              0.6549019607843137,
              0.7568627450980392,
              0.23137254901960785
            ],
            "alpha": 1,
            "hex": "#A7C13B"
          },
          "$extensions": {
            "com.figma.scopes": [
              "SHAPE_FILL",
              "FRAME_FILL"
            ],
            "com.figma.aliasdata": {
              "targetVariableName": "{feedback.success.opacities.300}",
              "targetVariableSetName": "Style/Colors/Palette"
            }
          }
        }
      },
      "borderColor": {
        "$type": "color",
        "$value": {
          "colorSpace": "srgb",
          "components": [
            0.7647058823529411,
            0.8980392156862745,
            0.10196078431372549
          ],
          "alpha": 1,
          "hex": "#C3E51A"
        },
        "$extensions": {
          "com.figma.scopes": [
            "STROKE_COLOR"
          ],
          "com.figma.aliasdata": {
            "targetVariableName": "{feedback.success.opacities.500}",
            "targetVariableSetName": "Style/Colors/Palette"
          }
        }
      }
    },
    "warning": {
      "core": {
        "light": {
          "$type": "color",
          "$value": {
            "colorSpace": "srgb",
            "components": [
              0.8627450980392157,
              0.49019607843137253,
              0.13333333333333333
            ],
            "alpha": 1,
            "hex": "#DC7D22"
          },
          "$extensions": {
            "com.figma.scopes": [
              "SHAPE_FILL",
              "FRAME_FILL"
            ],
            "com.figma.aliasdata": {
              "targetVariableName": "{feedback.warning.shades.400}",
              "targetVariableSetName": "Style/Colors/Palette"
            }
          }
        },
        "main": {
          "$type": "color",
          "$value": {
            "colorSpace": "srgb",
            "components": [
              0.7058823529411765,
              0.403921568627451,
              0
            ],
            "alpha": 1,
            "hex": "#B46700"
          },
          "$extensions": {
            "com.figma.scopes": [
              "SHAPE_FILL",
              "FRAME_FILL"
            ],
            "com.figma.aliasdata": {
              "targetVariableName": "{feedback.warning.shades.500}",
              "targetVariableSetName": "Style/Colors/Palette"
            }
          }
        },
        "dark": {
          "$type": "color",
          "$value": {
            "colorSpace": "srgb",
            "components": [
              0.5529411764705883,
              0.3137254901960784,
              0
            ],
            "alpha": 1,
            "hex": "#8D5000"
          },
          "$extensions": {
            "com.figma.scopes": [
              "SHAPE_FILL",
              "FRAME_FILL"
            ],
            "com.figma.aliasdata": {
              "targetVariableName": "{feedback.warning.shades.600}",
              "targetVariableSetName": "Style/Colors/Palette"
            }
          }
        }
      },
      "contrast": {
        "light": {
          "$type": "color",
          "$value": {
            "colorSpace": "srgb",
            "components": [
              0.050980392156862744,
              0.050980392156862744,
              0.050980392156862744
            ],
            "alpha": 1,
            "hex": "#0D0D0D"
          },
          "$extensions": {
            "com.figma.scopes": [
              "SHAPE_FILL",
              "FRAME_FILL"
            ]
          }
        },
        "main": {
          "$type": "color",
          "$value": {
            "colorSpace": "srgb",
            "components": [
              0.050980392156862744,
              0.050980392156862744,
              0.050980392156862744
            ],
            "alpha": 1,
            "hex": "#0D0D0D"
          },
          "$extensions": {
            "com.figma.scopes": [
              "SHAPE_FILL",
              "FRAME_FILL"
            ]
          }
        },
        "dark": {
          "$type": "color",
          "$value": {
            "colorSpace": "srgb",
            "components": [
              0.9490196078431372,
              0.9490196078431372,
              0.9490196078431372
            ],
            "alpha": 1,
            "hex": "#F2F2F2"
          },
          "$extensions": {
            "com.figma.scopes": [
              "SHAPE_FILL",
              "FRAME_FILL"
            ]
          }
        }
      },
      "state": {
        "enabled": {
          "$type": "color",
          "$value": {
            "colorSpace": "srgb",
            "components": [
              0.9686274509803922,
              0.8784313725490196,
              0.8156862745098039
            ],
            "alpha": 1,
            "hex": "#F7E0D0"
          },
          "$extensions": {
            "com.figma.scopes": [
              "SHAPE_FILL",
              "FRAME_FILL"
            ],
            "com.figma.aliasdata": {
              "targetVariableName": "{feedback.warning.opacities.100}",
              "targetVariableSetName": "Style/Colors/Palette"
            }
          }
        },
        "disabled": {
          "$type": "color",
          "$value": {
            "colorSpace": "srgb",
            "components": [
              0.9686274509803922,
              0.8784313725490196,
              0.8156862745098039
            ],
            "alpha": 1,
            "hex": "#F7E0D0"
          },
          "$extensions": {
            "com.figma.scopes": [
              "SHAPE_FILL",
              "FRAME_FILL"
            ],
            "com.figma.aliasdata": {
              "targetVariableName": "{feedback.warning.opacities.100}",
              "targetVariableSetName": "Style/Colors/Palette"
            }
          }
        },
        "hovered": {
          "$type": "color",
          "$value": {
            "colorSpace": "srgb",
            "components": [
              0.9333333333333333,
              0.9333333333333333,
              0.9333333333333333
            ],
            "alpha": 1,
            "hex": "#EEEEEE"
          },
          "$extensions": {
            "com.figma.scopes": [
              "SHAPE_FILL",
              "FRAME_FILL"
            ],
            "com.figma.aliasdata": {
              "targetVariableName": "{feedback.warning.opacities.50}",
              "targetVariableSetName": "Style/Colors/Palette"
            }
          }
        },
        "selected": {
          "$type": "color",
          "$value": {
            "colorSpace": "srgb",
            "components": [
              0.8980392156862745,
              0.5019607843137255,
              0.10196078431372549
            ],
            "alpha": 1,
            "hex": "#E5801A"
          },
          "$extensions": {
            "com.figma.scopes": [
              "SHAPE_FILL",
              "FRAME_FILL"
            ],
            "com.figma.aliasdata": {
              "targetVariableName": "{feedback.warning.opacities.150}",
              "targetVariableSetName": "Style/Colors/Palette"
            }
          }
        },
        "focused": {
          "$type": "color",
          "$value": {
            "colorSpace": "srgb",
            "components": [
              0.9372549019607843,
              0.6196078431372549,
              0.3686274509803922
            ],
            "alpha": 1,
            "hex": "#EF9E5E"
          },
          "$extensions": {
            "com.figma.scopes": [
              "SHAPE_FILL",
              "FRAME_FILL"
            ],
            "com.figma.aliasdata": {
              "targetVariableName": "{feedback.warning.opacities.300}",
              "targetVariableSetName": "Style/Colors/Palette"
            }
          }
        }
      },
      "borderColor": {
        "$type": "color",
        "$value": {
          "colorSpace": "srgb",
          "components": [
            0.8980392156862745,
            0.5019607843137255,
            0.10196078431372549
          ],
          "alpha": 1,
          "hex": "#E5801A"
        },
        "$extensions": {
          "com.figma.scopes": [
            "STROKE_COLOR"
          ],
          "com.figma.aliasdata": {
            "targetVariableName": "{feedback.warning.opacities.500}",
            "targetVariableSetName": "Style/Colors/Palette"
          }
        }
      }
    },
    "error": {
      "core": {
        "light": {
          "$type": "color",
          "$value": {
            "colorSpace": "srgb",
            "components": [
              0.9803921568627451,
              0.3607843137254902,
              0.24313725490196078
            ],
            "alpha": 1,
            "hex": "#FA5C3E"
          },
          "$extensions": {
            "com.figma.scopes": [
              "SHAPE_FILL",
              "FRAME_FILL"
            ],
            "com.figma.aliasdata": {
              "targetVariableName": "{feedback.error.shades.400}",
              "targetVariableSetName": "Style/Colors/Palette"
            }
          }
        },
        "main": {
          "$type": "color",
          "$value": {
            "colorSpace": "srgb",
            "components": [
              0.8705882352941177,
              0.20392156862745098,
              0.06274509803921569
            ],
            "alpha": 1,
            "hex": "#DE3410"
          },
          "$extensions": {
            "com.figma.scopes": [
              "SHAPE_FILL",
              "FRAME_FILL"
            ],
            "com.figma.aliasdata": {
              "targetVariableName": "{feedback.error.shades.500}",
              "targetVariableSetName": "Style/Colors/Palette"
            }
          }
        },
        "dark": {
          "$type": "color",
          "$value": {
            "colorSpace": "srgb",
            "components": [
              0.6745098039215687,
              0.17647058823529413,
              0
            ],
            "alpha": 1,
            "hex": "#AC2D00"
          },
          "$extensions": {
            "com.figma.scopes": [
              "SHAPE_FILL",
              "FRAME_FILL"
            ],
            "com.figma.aliasdata": {
              "targetVariableName": "{feedback.error.shades.600}",
              "targetVariableSetName": "Style/Colors/Palette"
            }
          }
        }
      },
      "contrast": {
        "light": {
          "$type": "color",
          "$value": {
            "colorSpace": "srgb",
            "components": [
              0.050980392156862744,
              0.050980392156862744,
              0.050980392156862744
            ],
            "alpha": 1,
            "hex": "#0D0D0D"
          },
          "$extensions": {
            "com.figma.scopes": [
              "SHAPE_FILL",
              "FRAME_FILL"
            ]
          }
        },
        "main": {
          "$type": "color",
          "$value": {
            "colorSpace": "srgb",
            "components": [
              0.050980392156862744,
              0.050980392156862744,
              0.050980392156862744
            ],
            "alpha": 1,
            "hex": "#0D0D0D"
          },
          "$extensions": {
            "com.figma.scopes": [
              "SHAPE_FILL",
              "FRAME_FILL"
            ]
          }
        },
        "dark": {
          "$type": "color",
          "$value": {
            "colorSpace": "srgb",
            "components": [
              0.9490196078431372,
              0.9490196078431372,
              0.9490196078431372
            ],
            "alpha": 1,
            "hex": "#F2F2F2"
          },
          "$extensions": {
            "com.figma.scopes": [
              "SHAPE_FILL",
              "FRAME_FILL"
            ]
          }
        }
      },
      "state": {
        "enabled": {
          "$type": "color",
          "$value": {
            "colorSpace": "srgb",
            "components": [
              1,
              0.8627450980392157,
              0.8313725490196079
            ],
            "alpha": 1,
            "hex": "#FFDCD4"
          },
          "$extensions": {
            "com.figma.scopes": [
              "SHAPE_FILL",
              "FRAME_FILL"
            ],
            "com.figma.aliasdata": {
              "targetVariableName": "{feedback.error.opacities.100}",
              "targetVariableSetName": "Style/Colors/Palette"
            }
          }
        },
        "disabled": {
          "$type": "color",
          "$value": {
            "colorSpace": "srgb",
            "components": [
              1,
              0.8627450980392157,
              0.8313725490196079
            ],
            "alpha": 1,
            "hex": "#FFDCD4"
          },
          "$extensions": {
            "com.figma.scopes": [
              "SHAPE_FILL",
              "FRAME_FILL"
            ],
            "com.figma.aliasdata": {
              "targetVariableName": "{feedback.error.opacities.100}",
              "targetVariableSetName": "Style/Colors/Palette"
            }
          }
        },
        "hovered": {
          "$type": "color",
          "$value": {
            "colorSpace": "srgb",
            "components": [
              0.9333333333333333,
              0.9333333333333333,
              0.9333333333333333
            ],
            "alpha": 1,
            "hex": "#EEEEEE"
          },
          "$extensions": {
            "com.figma.scopes": [
              "SHAPE_FILL",
              "FRAME_FILL"
            ],
            "com.figma.aliasdata": {
              "targetVariableName": "{feedback.error.opacities.50}",
              "targetVariableSetName": "Style/Colors/Palette"
            }
          }
        },
        "selected": {
          "$type": "color",
          "$value": {
            "colorSpace": "srgb",
            "components": [
              0.8980392156862745,
              0.23529411764705882,
              0.10196078431372549
            ],
            "alpha": 1,
            "hex": "#E53C1A"
          },
          "$extensions": {
            "com.figma.scopes": [
              "SHAPE_FILL",
              "FRAME_FILL"
            ],
            "com.figma.aliasdata": {
              "targetVariableName": "{feedback.error.opacities.150}",
              "targetVariableSetName": "Style/Colors/Palette"
            }
          }
        },
        "focused": {
          "$type": "color",
          "$value": {
            "colorSpace": "srgb",
            "components": [
              1,
              0.5607843137254902,
              0.4627450980392157
            ],
            "alpha": 1,
            "hex": "#FF8F76"
          },
          "$extensions": {
            "com.figma.scopes": [
              "SHAPE_FILL",
              "FRAME_FILL"
            ],
            "com.figma.aliasdata": {
              "targetVariableName": "{feedback.error.opacities.300}",
              "targetVariableSetName": "Style/Colors/Palette"
            }
          }
        }
      },
      "borderColor": {
        "$type": "color",
        "$value": {
          "colorSpace": "srgb",
          "components": [
            0.8980392156862745,
            0.23529411764705882,
            0.10196078431372549
          ],
          "alpha": 1,
          "hex": "#E53C1A"
        },
        "$extensions": {
          "com.figma.scopes": [
            "STROKE_COLOR"
          ],
          "com.figma.aliasdata": {
            "targetVariableName": "{feedback.error.opacities.500}",
            "targetVariableSetName": "Style/Colors/Palette"
          }
        }
      }
    }
  },
  "neutral": {
    "text": {
      "core": {
        "primary": {
          "$type": "color",
          "$value": {
            "colorSpace": "srgb",
            "components": [
              1,
              1,
              1
            ],
            "alpha": 1,
            "hex": "#FFFFFF"
          },
          "$extensions": {
            "com.figma.scopes": [
              "TEXT_FILL"
            ],
            "com.figma.aliasdata": {
              "targetVariableName": "{neutral.grey.shades.950}",
              "targetVariableSetName": "Style/Colors/Palette"
            }
          }
        },
        "secondary": {
          "$type": "color",
          "$value": {
            "colorSpace": "srgb",
            "components": [
              1,
              1,
              1
            ],
            "alpha": 1,
            "hex": "#FFFFFF"
          },
          "$extensions": {
            "com.figma.scopes": [
              "TEXT_FILL"
            ],
            "com.figma.aliasdata": {
              "targetVariableName": "{neutral.darkGrey.opacities.600}",
              "targetVariableSetName": "Style/Colors/Palette"
            }
          }
        }
      },
      "state": {
        "hovered": {
          "$type": "color",
          "$value": {
            "colorSpace": "srgb",
            "components": [
              1,
              1,
              1
            ],
            "alpha": 1,
            "hex": "#FFFFFF"
          },
          "$extensions": {
            "com.figma.scopes": [
              "TEXT_FILL"
            ],
            "com.figma.aliasdata": {
              "targetVariableName": "{neutral.darkGrey.opacities.50}",
              "targetVariableSetName": "Style/Colors/Palette"
            }
          }
        },
        "selected": {
          "$type": "color",
          "$value": {
            "colorSpace": "srgb",
            "components": [
              1,
              1,
              1
            ],
            "alpha": 1,
            "hex": "#FFFFFF"
          },
          "$extensions": {
            "com.figma.scopes": [
              "TEXT_FILL"
            ],
            "com.figma.aliasdata": {
              "targetVariableName": "{neutral.darkGrey.opacities.400}",
              "targetVariableSetName": "Style/Colors/Palette"
            }
          }
        },
        "focused": {
          "$type": "color",
          "$value": {
            "colorSpace": "srgb",
            "components": [
              1,
              1,
              1
            ],
            "alpha": 1,
            "hex": "#FFFFFF"
          },
          "$extensions": {
            "com.figma.scopes": [
              "TEXT_FILL"
            ],
            "com.figma.aliasdata": {
              "targetVariableName": "{neutral.darkGrey.opacities.100}",
              "targetVariableSetName": "Style/Colors/Palette"
            }
          }
        },
        "disabled": {
          "$type": "color",
          "$value": {
            "colorSpace": "srgb",
            "components": [
              1,
              1,
              1
            ],
            "alpha": 1,
            "hex": "#FFFFFF"
          },
          "$extensions": {
            "com.figma.scopes": [
              "TEXT_FILL"
            ],
            "com.figma.aliasdata": {
              "targetVariableName": "{neutral.darkGrey.opacities.300}",
              "targetVariableSetName": "Style/Colors/Palette"
            }
          }
        }
      }
    },
    "background": {
      "elevations": {
        "0": {
          "$type": "color",
          "$value": {
            "colorSpace": "srgb",
            "components": [
              1,
              1,
              1
            ],
            "alpha": 1,
            "hex": "#FFFFFF"
          },
          "$extensions": {
            "com.figma.scopes": [
              "FRAME_FILL",
              "SHAPE_FILL"
            ],
            "com.figma.aliasdata": {
              "targetVariableName": "{neutral.grey.shades.50}",
              "targetVariableSetName": "Style/Colors/Palette"
            }
          }
        },
        "1": {
          "$type": "color",
          "$value": {
            "colorSpace": "srgb",
            "components": [
              1,
              1,
              1
            ],
            "alpha": 1,
            "hex": "#FFFFFF"
          },
          "$extensions": {
            "com.figma.scopes": [
              "FRAME_FILL",
              "SHAPE_FILL"
            ],
            "com.figma.aliasdata": {
              "targetVariableName": "{neutral.grey.shades.0}",
              "targetVariableSetName": "Style/Colors/Palette"
            }
          }
        },
        "2": {
          "$type": "color",
          "$value": {
            "colorSpace": "srgb",
            "components": [
              1,
              1,
              1
            ],
            "alpha": 1,
            "hex": "#FFFFFF"
          },
          "$extensions": {
            "com.figma.scopes": [
              "FRAME_FILL",
              "SHAPE_FILL"
            ],
            "com.figma.aliasdata": {
              "targetVariableName": "{neutral.grey.shades.0}",
              "targetVariableSetName": "Style/Colors/Palette"
            }
          }
        },
        "3": {
          "$type": "color",
          "$value": {
            "colorSpace": "srgb",
            "components": [
              1,
              1,
              1
            ],
            "alpha": 1,
            "hex": "#FFFFFF"
          },
          "$extensions": {
            "com.figma.scopes": [
              "FRAME_FILL",
              "SHAPE_FILL"
            ],
            "com.figma.aliasdata": {
              "targetVariableName": "{neutral.grey.shades.0}",
              "targetVariableSetName": "Style/Colors/Palette"
            }
          }
        },
        "4": {
          "$type": "color",
          "$value": {
            "colorSpace": "srgb",
            "components": [
              1,
              1,
              1
            ],
            "alpha": 1,
            "hex": "#FFFFFF"
          },
          "$extensions": {
            "com.figma.scopes": [
              "FRAME_FILL",
              "SHAPE_FILL"
            ],
            "com.figma.aliasdata": {
              "targetVariableName": "{neutral.grey.shades.0}",
              "targetVariableSetName": "Style/Colors/Palette"
            }
          }
        },
        "5": {
          "$type": "color",
          "$value": {
            "colorSpace": "srgb",
            "components": [
              1,
              1,
              1
            ],
            "alpha": 1,
            "hex": "#FFFFFF"
          },
          "$extensions": {
            "com.figma.scopes": [
              "FRAME_FILL",
              "SHAPE_FILL"
            ],
            "com.figma.aliasdata": {
              "targetVariableName": "{neutral.grey.shades.0}",
              "targetVariableSetName": "Style/Colors/Palette"
            }
          }
        },
        "6": {
          "$type": "color",
          "$value": {
            "colorSpace": "srgb",
            "components": [
              1,
              1,
              1
            ],
            "alpha": 1,
            "hex": "#FFFFFF"
          },
          "$extensions": {
            "com.figma.scopes": [
              "FRAME_FILL",
              "SHAPE_FILL"
            ],
            "com.figma.aliasdata": {
              "targetVariableName": "{neutral.grey.shades.0}",
              "targetVariableSetName": "Style/Colors/Palette"
            }
          }
        },
        "7": {
          "$type": "color",
          "$value": {
            "colorSpace": "srgb",
            "components": [
              1,
              1,
              1
            ],
            "alpha": 1,
            "hex": "#FFFFFF"
          },
          "$extensions": {
            "com.figma.scopes": [
              "FRAME_FILL",
              "SHAPE_FILL"
            ],
            "com.figma.aliasdata": {
              "targetVariableName": "{neutral.grey.shades.0}",
              "targetVariableSetName": "Style/Colors/Palette"
            }
          }
        },
        "8": {
          "$type": "color",
          "$value": {
            "colorSpace": "srgb",
            "components": [
              1,
              1,
              1
            ],
            "alpha": 1,
            "hex": "#FFFFFF"
          },
          "$extensions": {
            "com.figma.scopes": [
              "FRAME_FILL",
              "SHAPE_FILL"
            ],
            "com.figma.aliasdata": {
              "targetVariableName": "{neutral.grey.shades.0}",
              "targetVariableSetName": "Style/Colors/Palette"
            }
          }
        },
        "9": {
          "$type": "color",
          "$value": {
            "colorSpace": "srgb",
            "components": [
              1,
              1,
              1
            ],
            "alpha": 1,
            "hex": "#FFFFFF"
          },
          "$extensions": {
            "com.figma.scopes": [
              "FRAME_FILL",
              "SHAPE_FILL"
            ],
            "com.figma.aliasdata": {
              "targetVariableName": "{neutral.grey.shades.0}",
              "targetVariableSetName": "Style/Colors/Palette"
            }
          }
        },
        "10": {
          "$type": "color",
          "$value": {
            "colorSpace": "srgb",
            "components": [
              1,
              1,
              1
            ],
            "alpha": 1,
            "hex": "#FFFFFF"
          },
          "$extensions": {
            "com.figma.scopes": [
              "FRAME_FILL",
              "SHAPE_FILL"
            ],
            "com.figma.aliasdata": {
              "targetVariableName": "{neutral.grey.shades.0}",
              "targetVariableSetName": "Style/Colors/Palette"
            }
          }
        },
        "11": {
          "$type": "color",
          "$value": {
            "colorSpace": "srgb",
            "components": [
              1,
              1,
              1
            ],
            "alpha": 1,
            "hex": "#FFFFFF"
          },
          "$extensions": {
            "com.figma.scopes": [
              "FRAME_FILL",
              "SHAPE_FILL"
            ],
            "com.figma.aliasdata": {
              "targetVariableName": "{neutral.grey.shades.0}",
              "targetVariableSetName": "Style/Colors/Palette"
            }
          }
        },
        "12": {
          "$type": "color",
          "$value": {
            "colorSpace": "srgb",
            "components": [
              1,
              1,
              1
            ],
            "alpha": 1,
            "hex": "#FFFFFF"
          },
          "$extensions": {
            "com.figma.scopes": [
              "FRAME_FILL",
              "SHAPE_FILL"
            ],
            "com.figma.aliasdata": {
              "targetVariableName": "{neutral.grey.shades.0}",
              "targetVariableSetName": "Style/Colors/Palette"
            }
          }
        }
      },
      "states": {
        "active": {
          "$type": "color",
          "$value": {
            "colorSpace": "srgb",
            "components": [
              1,
              1,
              1
            ],
            "alpha": 1,
            "hex": "#FFFFFF"
          },
          "$extensions": {
            "com.figma.scopes": [
              "FRAME_FILL",
              "SHAPE_FILL"
            ],
            "com.figma.aliasdata": {
              "targetVariableName": "{neutral.darkGrey.opacities.600}",
              "targetVariableSetName": "Style/Colors/Palette"
            }
          }
        },
        "hovered": {
          "$type": "color",
          "$value": {
            "colorSpace": "srgb",
            "components": [
              1,
              1,
              1
            ],
            "alpha": 1,
            "hex": "#FFFFFF"
          },
          "$extensions": {
            "com.figma.scopes": [
              "FRAME_FILL",
              "SHAPE_FILL"
            ],
            "com.figma.aliasdata": {
              "targetVariableName": "{neutral.darkGrey.opacities.50}",
              "targetVariableSetName": "Style/Colors/Palette"
            }
          }
        },
        "selected": {
          "$type": "color",
          "$value": {
            "colorSpace": "srgb",
            "components": [
              1,
              1,
              1
            ],
            "alpha": 1,
            "hex": "#FFFFFF"
          },
          "$extensions": {
            "com.figma.scopes": [
              "FRAME_FILL",
              "SHAPE_FILL"
            ],
            "com.figma.aliasdata": {
              "targetVariableName": "{neutral.darkGrey.opacities.100}",
              "targetVariableSetName": "Style/Colors/Palette"
            }
          }
        },
        "focused": {
          "$type": "color",
          "$value": {
            "colorSpace": "srgb",
            "components": [
              1,
              1,
              1
            ],
            "alpha": 1,
            "hex": "#FFFFFF"
          },
          "$extensions": {
            "com.figma.scopes": [
              "FRAME_FILL",
              "SHAPE_FILL"
            ],
            "com.figma.aliasdata": {
              "targetVariableName": "{neutral.darkGrey.opacities.100}",
              "targetVariableSetName": "Style/Colors/Palette"
            }
          }
        },
        "disabled": {
          "$type": "color",
          "$value": {
            "colorSpace": "srgb",
            "components": [
              1,
              1,
              1
            ],
            "alpha": 1,
            "hex": "#FFFFFF"
          },
          "$extensions": {
            "com.figma.scopes": [
              "FRAME_FILL",
              "SHAPE_FILL"
            ],
            "com.figma.aliasdata": {
              "targetVariableName": "{neutral.darkGrey.opacities.100}",
              "targetVariableSetName": "Style/Colors/Palette"
            }
          }
        }
      }
    },
    "borderColor": {
      "$type": "color",
      "$value": {
        "colorSpace": "srgb",
        "components": [
          1,
          1,
          1
        ],
        "alpha": 1,
        "hex": "#FFFFFF"
      },
      "$extensions": {
        "com.figma.scopes": [
          "STROKE_COLOR"
        ],
        "com.figma.aliasdata": {
          "targetVariableName": "{neutral.darkGrey.opacities.500}",
          "targetVariableSetName": "Style/Colors/Palette"
        }
      }
    }
  },
  "$extensions": {
    "com.figma.modeName": "light",
    "com.figma.collectionName": "Style/Colors/Theme"
  }
}