{
  "core": {
    "light": {
      "$type": "color",
      "$value": {
        "colorSpace": "srgb",
        "components": [
          1,
          1,
          1
        ],
        "alpha": 1,
        "hex": "#FFFFFF"
      },
      "$extensions": {
        "com.figma.scopes": [
          "SHAPE_FILL",
          "FRAME_FILL"
        ],
        "com.figma.aliasdata": {
          "targetVariableName": "{brand.accent.core.light}",
          "targetVariableSetName": "Style/Colors/Theme"
        }
      }
    },
    "main": {
      "$type": "color",
      "$value": {
        "colorSpace": "srgb",
        "components": [
          1,
          1,
          1
        ],
        "alpha": 1,
        "hex": "#FFFFFF"
      },
      "$extensions": {
        "com.figma.scopes": [
          "SHAPE_FILL",
          "FRAME_FILL"
        ],
        "com.figma.aliasdata": {
          "targetVariableName": "{brand.accent.core.main}",
          "targetVariableSetName": "Style/Colors/Theme"
        }
      }
    },
    "dark": {
      "$type": "color",
      "$value": {
        "colorSpace": "srgb",
        "components": [
          1,
          1,
          1
        ],
        "alpha": 1,
        "hex": "#FFFFFF"
      },
      "$extensions": {
        "com.figma.scopes": [
          "SHAPE_FILL",
          "FRAME_FILL"
        ],
        "com.figma.aliasdata": {
          "targetVariableName": "{brand.accent.core.dark}",
          "targetVariableSetName": "Style/Colors/Theme"
        }
      }
    }
  },
  "contrast": {
    "light": {
      "$type": "color",
      "$value": {
        "colorSpace": "srgb",
        "components": [
          1,
          1,
          1
        ],
        "alpha": 1,
        "hex": "#FFFFFF"
      },
      "$extensions": {
        "com.figma.scopes": [
          "SHAPE_FILL",
          "FRAME_FILL"
        ],
        "com.figma.aliasdata": {
          "targetVariableName": "{brand.accent.contrast.light}",
          "targetVariableSetName": "Style/Colors/Theme"
        }
      }
    },
    "main": {
      "$type": "color",
      "$value": {
        "colorSpace": "srgb",
        "components": [
          1,
          1,
          1
        ],
        "alpha": 1,
        "hex": "#FFFFFF"
      },
      "$extensions": {
        "com.figma.scopes": [
          "SHAPE_FILL",
          "FRAME_FILL"
        ],
        "com.figma.aliasdata": {
          "targetVariableName": "{brand.accent.contrast.main}",
          "targetVariableSetName": "Style/Colors/Theme"
        }
      }
    },
    "dark": {
      "$type": "color",
      "$value": {
        "colorSpace": "srgb",
        "components": [
          1,
          1,
          1
        ],
        "alpha": 1,
        "hex": "#FFFFFF"
      },
      "$extensions": {
        "com.figma.scopes": [
          "SHAPE_FILL",
          "FRAME_FILL"
        ],
        "com.figma.aliasdata": {
          "targetVariableName": "{brand.accent.contrast.dark}",
          "targetVariableSetName": "Style/Colors/Theme"
        }
      }
    }
  },
  "state": {
    "enabled": {
      "$type": "color",
      "$value": {
        "colorSpace": "srgb",
        "components": [
          1,
          1,
          1
        ],
        "alpha": 1,
        "hex": "#FFFFFF"
      },
      "$extensions": {
        "com.figma.scopes": [
          "SHAPE_FILL",
          "FRAME_FILL"
        ],
        "com.figma.aliasdata": {
          "targetVariableName": "{brand.accent.state.enabled}",
          "targetVariableSetName": "Style/Colors/Theme"
        }
      }
    },
    "disabled": {
      "$type": "color",
      "$value": {
        "colorSpace": "srgb",
        "components": [
          1,
          1,
          1
        ],
        "alpha": 1,
        "hex": "#FFFFFF"
      },
      "$extensions": {
        "com.figma.scopes": [
          "SHAPE_FILL",
          "FRAME_FILL"
        ],
        "com.figma.aliasdata": {
          "targetVariableName": "{brand.accent.state.disabled}",
          "targetVariableSetName": "Style/Colors/Theme"
        }
      }
    },
    "hovered": {
      "$type": "color",
      "$value": {
        "colorSpace": "srgb",
        "components": [
          1,
          1,
          1
        ],
        "alpha": 1,
        "hex": "#FFFFFF"
      },
      "$extensions": {
        "com.figma.scopes": [
          "SHAPE_FILL",
          "FRAME_FILL"
        ],
        "com.figma.aliasdata": {
          "targetVariableName": "{brand.accent.state.hovered}",
          "targetVariableSetName": "Style/Colors/Theme"
        }
      }
    },
    "selected": {
      "$type": "color",
      "$value": {
        "colorSpace": "srgb",
        "components": [
          1,
          1,
          1
        ],
        "alpha": 1,
        "hex": "#FFFFFF"
      },
      "$extensions": {
        "com.figma.scopes": [
          "SHAPE_FILL",
          "FRAME_FILL"
        ],
        "com.figma.aliasdata": {
          "targetVariableName": "{brand.accent.state.selected}",
          "targetVariableSetName": "Style/Colors/Theme"
        }
      }
    },
    "focused": {
      "$type": "color",
      "$value": {
        "colorSpace": "srgb",
        "components": [
          1,
          1,
          1
        ],
        "alpha": 1,
        "hex": "#FFFFFF"
      },
      "$extensions": {
        "com.figma.scopes": [
          "SHAPE_FILL",
          "FRAME_FILL"
        ],
        "com.figma.aliasdata": {
          "targetVariableName": "{brand.accent.state.focused}",
          "targetVariableSetName": "Style/Colors/Theme"
        }
      }
    }
  },
  "borderColor": {
    "$type": "color",
    "$value": {
      "colorSpace": "srgb",
      "components": [
        1,
        1,
        1
      ],
      "alpha": 1,
      "hex": "#FFFFFF"
    },
    "$extensions": {
      "com.figma.scopes": [
        "STROKE_COLOR"
      ],
      "com.figma.aliasdata": {
        "targetVariableName": "{brand.accent.borderColor}",
        "targetVariableSetName": "Style/Colors/Theme"
      }
    }
  },
  "$extensions": {
    "com.figma.modeName": "accent",
    "com.figma.collectionName": "Style/Colors/Brand"
  }
}