{
  "viewportHeight": {
    "min": {
      "$type": "number",
      "$value": 552,
      "$extensions": {
        "com.figma.scopes": [
          "WIDTH_HEIGHT"
        ],
        "com.figma.hiddenFromPublishing": true
      }
    },
    "max": {
      "$type": "number",
      "$value": 791,
      "$extensions": {
        "com.figma.scopes": [
          "WIDTH_HEIGHT"
        ],
        "com.figma.hiddenFromPublishing": true
      }
    }
  },
  "typography": {
    "body": {
      "xs": {
        "fontSize": {
          "$type": "number",
          "$value": 12,
          "$extensions": {
            "com.figma.scopes": [
              "FONT_SIZE"
            ]
          }
        },
        "lineHeight": {
          "$type": "number",
          "$value": 24,
          "$extensions": {
            "com.figma.scopes": [
              "LINE_HEIGHT"
            ]
          }
        }
      },
      "sm": {
        "fontSize": {
          "$type": "number",
          "$value": 16,
          "$extensions": {
            "com.figma.scopes": [
              "FONT_SIZE"
            ]
          }
        },
        "lineHeight": {
          "$type": "number",
          "$value": 24,
          "$extensions": {
            "com.figma.scopes": [
              "LINE_HEIGHT"
            ]
          }
        }
      },
      "md": {
        "fontSize": {
          "$type": "number",
          "$value": 20,
          "$extensions": {
            "com.figma.scopes": [
              "FONT_SIZE"
            ]
          }
        },
        "lineHeight": {
          "$type": "number",
          "$value": 24,
          "$extensions": {
            "com.figma.scopes": [
              "LINE_HEIGHT"
            ]
          }
        }
      },
      "lg": {
        "fontSize": {
          "$type": "number",
          "$value": 0,
          "$extensions": {
            "com.figma.scopes": [
              "FONT_SIZE"
            ],
            "com.figma.aliasdata": {
              "targetVariableName": "typography.body.md.fontSize",
              "targetVariableSetName": "System/Vertical Densities"
            }
          }
        },
        "lineHeight": {
          "$type": "number",
          "$value": 0,
          "$extensions": {
            "com.figma.scopes": [
              "LINE_HEIGHT"
            ],
            "com.figma.aliasdata": {
              "targetVariableName": "typography.body.md.lineHeight",
              "targetVariableSetName": "System/Vertical Densities"
            }
          }
        }
      }
    },
    "heading": {
      "xs": {
        "fontSize": {
          "$type": "number",
          "$value": 20,
          "$extensions": {
            "com.figma.scopes": [
              "FONT_SIZE"
            ]
          }
        },
        "lineHeight": {
          "$type": "number",
          "$value": 24,
          "$extensions": {
            "com.figma.scopes": [
              "LINE_HEIGHT"
            ]
          }
        }
      },
      "sm": {
        "fontSize": {
          "$type": "number",
          "$value": 32,
          "$extensions": {
            "com.figma.scopes": [
              "FONT_SIZE"
            ]
          }
        },
        "lineHeight": {
          "$type": "number",
          "$value": 48,
          "$extensions": {
            "com.figma.scopes": [
              "LINE_HEIGHT"
            ]
          }
        }
      },
      "md": {
        "fontSize": {
          "$type": "number",
          "$value": 48,
          "$extensions": {
            "com.figma.scopes": [
              "FONT_SIZE"
            ]
          }
        },
        "lineHeight": {
          "$type": "number",
          "$value": 48,
          "$extensions": {
            "com.figma.scopes": [
              "LINE_HEIGHT"
            ]
          }
        }
      },
      "lg": {
        "fontSize": {
          "$type": "number",
          "$value": 0,
          "$extensions": {
            "com.figma.scopes": [
              "FONT_SIZE"
            ],
            "com.figma.aliasdata": {
              "targetVariableName": "typography.heading.md.fontSize",
              "targetVariableSetName": "System/Vertical Densities"
            }
          }
        },
        "lineHeight": {
          "$type": "number",
          "$value": 0,
          "$extensions": {
            "com.figma.scopes": [
              "LINE_HEIGHT"
            ],
            "com.figma.aliasdata": {
              "targetVariableName": "typography.heading.md.lineHeight",
              "targetVariableSetName": "System/Vertical Densities"
            }
          }
        }
      },
      "xl": {
        "fontSize": {
          "$type": "number",
          "$value": 0,
          "$extensions": {
            "com.figma.scopes": [
              "FONT_SIZE"
            ],
            "com.figma.aliasdata": {
              "targetVariableName": "typography.heading.md.fontSize",
              "targetVariableSetName": "System/Vertical Densities"
            }
          }
        },
        "lineHeight": {
          "$type": "number",
          "$value": 0,
          "$extensions": {
            "com.figma.scopes": [
              "LINE_HEIGHT"
            ],
            "com.figma.aliasdata": {
              "targetVariableName": "typography.heading.md.lineHeight",
              "targetVariableSetName": "System/Vertical Densities"
            }
          }
        }
      }
    }
  },
  "spacing": {
    "1": {
      "$type": "number",
      "$value": 24,
      "$extensions": {
        "com.figma.scopes": [
          "GAP"
        ]
      }
    },
    "2": {
      "$type": "number",
      "$value": 48,
      "$extensions": {
        "com.figma.scopes": [
          "GAP"
        ]
      }
    },
    "3": {
      "$type": "number",
      "$value": 72,
      "$extensions": {
        "com.figma.scopes": [
          "GAP"
        ]
      }
    },
    "4": {
      "$type": "number",
      "$value": 96,
      "$extensions": {
        "com.figma.scopes": [
          "GAP"
        ]
      }
    },
    "5": {
      "$type": "number",
      "$value": 120,
      "$extensions": {
        "com.figma.scopes": [
          "GAP"
        ]
      }
    },
    "6": {
      "$type": "number",
      "$value": 144,
      "$extensions": {
        "com.figma.scopes": [
          "GAP"
        ]
      }
    },
    "7": {
      "$type": "number",
      "$value": 0,
      "$extensions": {
        "com.figma.scopes": [
          "GAP"
        ],
        "com.figma.aliasdata": {
          "targetVariableName": "spacing.6",
          "targetVariableSetName": "System/Vertical Densities"
        }
      }
    },
    "8": {
      "$type": "number",
      "$value": 0,
      "$extensions": {
        "com.figma.scopes": [
          "GAP"
        ],
        "com.figma.aliasdata": {
          "targetVariableName": "spacing.6",
          "targetVariableSetName": "System/Vertical Densities"
        }
      }
    },
    "1:4": {
      "$type": "number",
      "$value": 6,
      "$extensions": {
        "com.figma.scopes": [
          "GAP"
        ]
      }
    },
    "1:3": {
      "$type": "number",
      "$value": 8,
      "$extensions": {
        "com.figma.scopes": [
          "GAP"
        ]
      }
    },
    "1:2": {
      "$type": "number",
      "$value": 12,
      "$extensions": {
        "com.figma.scopes": [
          "GAP"
        ]
      }
    }
  },
  "positionSticky": {
    "$type": "number",
    "$value": 1,
    "$extensions": {
      "com.figma.type": "boolean"
    }
  },
  "$extensions": {
    "com.figma.modeName": "compact",
    "com.figma.collectionName": "System/Vertical Densities"
  }
}