{
  "portrait": {
    "viewportHeight": {
      "minHeight": {
        "$type": "number",
        "$value": 0,
        "$extensions": {
          "com.figma.scopes": [],
          "com.figma.aliasdata": {
            "targetVariableName": "{viewportHeight.portrait.1:1.minHeight}",
            "targetVariableSetName": "System/Breakpoints"
          }
        }
      },
      "maxHeight": {
        "$type": "number",
        "$value": 0,
        "$extensions": {
          "com.figma.scopes": [],
          "com.figma.aliasdata": {
            "targetVariableName": "{viewportHeight.portrait.1:1.maxHeight}",
            "targetVariableSetName": "System/Breakpoints"
          }
        }
      }
    }
  },
  "landscape": {
    "viewportHeight": {
      "minHeight": {
        "$type": "number",
        "$value": 0,
        "$extensions": {
          "com.figma.scopes": [],
          "com.figma.aliasdata": {
            "targetVariableName": "{viewportHeight.landscape.1:1.minHeight}",
            "targetVariableSetName": "System/Breakpoints"
          }
        }
      },
      "maxHeight": {
        "$type": "number",
        "$value": 0,
        "$extensions": {
          "com.figma.scopes": [],
          "com.figma.aliasdata": {
            "targetVariableName": "{viewportHeight.landscape.1:1.maxHeight}",
            "targetVariableSetName": "System/Breakpoints"
          }
        }
      }
    }
  },
  "$extensions": {
    "com.figma.modeName": "1:1",
    "com.figma.collectionName": "System/Ratios"
  }
}