{
  "red": {
    "s100": {
      "$type": "color",
      "$value": {
        "colorSpace": "srgb",
        "components": [
          1,
          0.16470588235294117,
          0
        ],
        "alpha": 1,
        "hex": "#ff2a00"
      },
      "$extensions": {
        "com.figma.scopes": [
          "ALL_SCOPES"
        ]
      }
    },
    "s90": {
      "$type": "color",
      "$value": {
        "colorSpace": "srgb",
        "components": [
          0.9490196078431372,
          0.2,
          0.050980392156862744
        ],
        "alpha": 1,
        "hex": "#f2330d"
      },
      "$extensions": {
        "com.figma.scopes": [
          "ALL_SCOPES"
        ]
      }
    },
    "s80": {
      "$type": "color",
      "$value": {
        "colorSpace": "srgb",
        "components": [
          0.9019607843137255,
          0.23137254901960785,
          0.09803921568627451
        ],
        "alpha": 1,
        "hex": "#e63b19"
      },
      "$extensions": {
        "com.figma.scopes": [
          "ALL_SCOPES"
        ]
      }
    },
    "s70": {
      "$type": "color",
      "$value": {
        "colorSpace": "srgb",
        "components": [
          0.8509803921568627,
          0.26666666666666666,
          0.14901960784313725
        ],
        "alpha": 1,
        "hex": "#d94426"
      },
      "$extensions": {
        "com.figma.scopes": [
          "ALL_SCOPES"
        ]
      }
    },
    "s60": {
      "$type": "color",
      "$value": {
        "colorSpace": "srgb",
        "components": [
          0.8,
          0.2980392156862745,
          0.2
        ],
        "alpha": 1,
        "hex": "#cc4c33"
      },
      "$extensions": {
        "com.figma.scopes": [
          "ALL_SCOPES"
        ]
      }
    },
    "s50": {
      "$type": "color",
      "$value": {
        "colorSpace": "srgb",
        "components": [
          0.7490196078431373,
          0.3333333333333333,
          0.25098039215686274
        ],
        "alpha": 1,
        "hex": "#bf5540"
      },
      "$extensions": {
        "com.figma.scopes": [
          "ALL_SCOPES"
        ]
      }
    },
    "s40": {
      "$type": "color",
      "$value": {
        "colorSpace": "srgb",
        "components": [
          0.7019607843137254,
          0.3686274509803922,
          0.30196078431372547
        ],
        "alpha": 1,
        "hex": "#b35e4d"
      },
      "$extensions": {
        "com.figma.scopes": [
          "ALL_SCOPES"
        ]
      }
    },
    "s30": {
      "$type": "color",
      "$value": {
        "colorSpace": "srgb",
        "components": [
          0.6509803921568628,
          0.4,
          0.34901960784313724
        ],
        "alpha": 1,
        "hex": "#a66659"
      },
      "$extensions": {
        "com.figma.scopes": [
          "ALL_SCOPES"
        ]
      }
    },
    "s20": {
      "$type": "color",
      "$value": {
        "colorSpace": "srgb",
        "components": [
          0.6,
          0.43529411764705883,
          0.4
        ],
        "alpha": 1,
        "hex": "#996f66"
      },
      "$extensions": {
        "com.figma.scopes": [
          "ALL_SCOPES"
        ]
      }
    },
    "s10": {
      "$type": "color",
      "$value": {
        "colorSpace": "srgb",
        "components": [
          0.5490196078431373,
          0.4666666666666667,
          0.45098039215686275
        ],
        "alpha": 1,
        "hex": "#8c7773"
      },
      "$extensions": {
        "com.figma.scopes": [
          "ALL_SCOPES"
        ]
      }
    }
  },
  "deepOrange": {
    "s100": {
      "$type": "color",
      "$value": {
        "colorSpace": "srgb",
        "components": [
          1,
          0.3333333333333333,
          0
        ],
        "alpha": 1,
        "hex": "#ff5500"
      },
      "$extensions": {
        "com.figma.scopes": [
          "ALL_SCOPES"
        ]
      }
    },
    "s90": {
      "$type": "color",
      "$value": {
        "colorSpace": "srgb",
        "components": [
          0.9490196078431372,
          0.34901960784313724,
          0.050980392156862744
        ],
        "alpha": 1,
        "hex": "#f2590d"
      },
      "$extensions": {
        "com.figma.scopes": [
          "ALL_SCOPES"
        ]
      }
    },
    "s80": {
      "$type": "color",
      "$value": {
        "colorSpace": "srgb",
        "components": [
          0.9019607843137255,
          0.36470588235294116,
          0.09803921568627451
        ],
        "alpha": 1,
        "hex": "#e65d19"
      },
      "$extensions": {
        "com.figma.scopes": [
          "ALL_SCOPES"
        ]
      }
    },
    "s70": {
      "$type": "color",
      "$value": {
        "colorSpace": "srgb",
        "components": [
          0.8509803921568627,
          0.3843137254901961,
          0.14901960784313725
        ],
        "alpha": 1,
        "hex": "#d96226"
      },
      "$extensions": {
        "com.figma.scopes": [
          "ALL_SCOPES"
        ]
      }
    },
    "s60": {
      "$type": "color",
      "$value": {
        "colorSpace": "srgb",
        "components": [
          0.8,
          0.4,
          0.2
        ],
        "alpha": 1,
        "hex": "#cc6633"
      },
      "$extensions": {
        "com.figma.scopes": [
          "ALL_SCOPES"
        ]
      }
    },
    "s50": {
      "$type": "color",
      "$value": {
        "colorSpace": "srgb",
        "components": [
          0.7490196078431373,
          0.41568627450980394,
          0.25098039215686274
        ],
        "alpha": 1,
        "hex": "#bf6a40"
      },
      "$extensions": {
        "com.figma.scopes": [
          "ALL_SCOPES"
        ]
      }
    },
    "s40": {
      "$type": "color",
      "$value": {
        "colorSpace": "srgb",
        "components": [
          0.7019607843137254,
          0.43137254901960786,
          0.30196078431372547
        ],
        "alpha": 1,
        "hex": "#b36e4d"
      },
      "$extensions": {
        "com.figma.scopes": [
          "ALL_SCOPES"
        ]
      }
    },
    "s30": {
      "$type": "color",
      "$value": {
        "colorSpace": "srgb",
        "components": [
          0.6509803921568628,
          0.45098039215686275,
          0.34901960784313724
        ],
        "alpha": 1,
        "hex": "#a67359"
      },
      "$extensions": {
        "com.figma.scopes": [
          "ALL_SCOPES"
        ]
      }
    },
    "s20": {
      "$type": "color",
      "$value": {
        "colorSpace": "srgb",
        "components": [
          0.6,
          0.4666666666666667,
          0.4
        ],
        "alpha": 1,
        "hex": "#997766"
      },
      "$extensions": {
        "com.figma.scopes": [
          "ALL_SCOPES"
        ]
      }
    },
    "s10": {
      "$type": "color",
      "$value": {
        "colorSpace": "srgb",
        "components": [
          0.5490196078431373,
          0.4823529411764706,
          0.45098039215686275
        ],
        "alpha": 1,
        "hex": "#8c7b73"
      },
      "$extensions": {
        "com.figma.scopes": [
          "ALL_SCOPES"
        ]
      }
    }
  },
  "orange": {
    "s100": {
      "$type": "color",
      "$value": {
        "colorSpace": "srgb",
        "components": [
          1,
          0.5019607843137255,
          0
        ],
        "alpha": 1,
        "hex": "#ff8000"
      },
      "$extensions": {
        "com.figma.scopes": [
          "ALL_SCOPES"
        ]
      }
    },
    "s90": {
      "$type": "color",
      "$value": {
        "colorSpace": "srgb",
        "components": [
          0.9490196078431372,
          0.5019607843137255,
          0.050980392156862744
        ],
        "alpha": 1,
        "hex": "#f2800d"
      },
      "$extensions": {
        "com.figma.scopes": [
          "ALL_SCOPES"
        ]
      }
    },
    "s80": {
      "$type": "color",
      "$value": {
        "colorSpace": "srgb",
        "components": [
          0.9019607843137255,
          0.5019607843137255,
          0.09803921568627451
        ],
        "alpha": 1,
        "hex": "#e68019"
      },
      "$extensions": {
        "com.figma.scopes": [
          "ALL_SCOPES"
        ]
      }
    },
    "s70": {
      "$type": "color",
      "$value": {
        "colorSpace": "srgb",
        "components": [
          0.8509803921568627,
          0.5019607843137255,
          0.14901960784313725
        ],
        "alpha": 1,
        "hex": "#d98026"
      },
      "$extensions": {
        "com.figma.scopes": [
          "ALL_SCOPES"
        ]
      }
    },
    "s60": {
      "$type": "color",
      "$value": {
        "colorSpace": "srgb",
        "components": [
          0.8,
          0.5019607843137255,
          0.2
        ],
        "alpha": 1,
        "hex": "#cc8033"
      },
      "$extensions": {
        "com.figma.scopes": [
          "ALL_SCOPES"
        ]
      }
    },
    "s50": {
      "$type": "color",
      "$value": {
        "colorSpace": "srgb",
        "components": [
          0.7490196078431373,
          0.5019607843137255,
          0.25098039215686274
        ],
        "alpha": 1,
        "hex": "#bf8040"
      },
      "$extensions": {
        "com.figma.scopes": [
          "ALL_SCOPES"
        ]
      }
    },
    "s40": {
      "$type": "color",
      "$value": {
        "colorSpace": "srgb",
        "components": [
          0.7019607843137254,
          0.5019607843137255,
          0.30196078431372547
        ],
        "alpha": 1,
        "hex": "#b3804d"
      },
      "$extensions": {
        "com.figma.scopes": [
          "ALL_SCOPES"
        ]
      }
    },
    "s30": {
      "$type": "color",
      "$value": {
        "colorSpace": "srgb",
        "components": [
          0.6509803921568628,
          0.5019607843137255,
          0.34901960784313724
        ],
        "alpha": 1,
        "hex": "#a68059"
      },
      "$extensions": {
        "com.figma.scopes": [
          "ALL_SCOPES"
        ]
      }
    },
    "s20": {
      "$type": "color",
      "$value": {
        "colorSpace": "srgb",
        "components": [
          0.6,
          0.5019607843137255,
          0.4
        ],
        "alpha": 1,
        "hex": "#998066"
      },
      "$extensions": {
        "com.figma.scopes": [
          "ALL_SCOPES"
        ]
      }
    },
    "s10": {
      "$type": "color",
      "$value": {
        "colorSpace": "srgb",
        "components": [
          0.5490196078431373,
          0.5019607843137255,
          0.45098039215686275
        ],
        "alpha": 1,
        "hex": "#8c8073"
      },
      "$extensions": {
        "com.figma.scopes": [
          "ALL_SCOPES"
        ]
      }
    }
  },
  "amber": {
    "s100": {
      "$type": "color",
      "$value": {
        "colorSpace": "srgb",
        "components": [
          1,
          0.6666666666666666,
          0
        ],
        "alpha": 1,
        "hex": "#ffaa00"
      },
      "$extensions": {
        "com.figma.scopes": [
          "ALL_SCOPES"
        ]
      }
    },
    "s90": {
      "$type": "color",
      "$value": {
        "colorSpace": "srgb",
        "components": [
          0.9490196078431372,
          0.6509803921568628,
          0.050980392156862744
        ],
        "alpha": 1,
        "hex": "#f2a60d"
      },
      "$extensions": {
        "com.figma.scopes": [
          "ALL_SCOPES"
        ]
      }
    },
    "s80": {
      "$type": "color",
      "$value": {
        "colorSpace": "srgb",
        "components": [
          0.9019607843137255,
          0.6352941176470588,
          0.09803921568627451
        ],
        "alpha": 1,
        "hex": "#e6a219"
      },
      "$extensions": {
        "com.figma.scopes": [
          "ALL_SCOPES"
        ]
      }
    },
    "s70": {
      "$type": "color",
      "$value": {
        "colorSpace": "srgb",
        "components": [
          0.8509803921568627,
          0.615686274509804,
          0.14901960784313725
        ],
        "alpha": 1,
        "hex": "#d99d26"
      },
      "$extensions": {
        "com.figma.scopes": [
          "ALL_SCOPES"
        ]
      }
    },
    "s60": {
      "$type": "color",
      "$value": {
        "colorSpace": "srgb",
        "components": [
          0.8,
          0.6,
          0.2
        ],
        "alpha": 1,
        "hex": "#cc9933"
      },
      "$extensions": {
        "com.figma.scopes": [
          "ALL_SCOPES"
        ]
      }
    },
    "s50": {
      "$type": "color",
      "$value": {
        "colorSpace": "srgb",
        "components": [
          0.7490196078431373,
          0.5843137254901961,
          0.25098039215686274
        ],
        "alpha": 1,
        "hex": "#bf9540"
      },
      "$extensions": {
        "com.figma.scopes": [
          "ALL_SCOPES"
        ]
      }
    },
    "s40": {
      "$type": "color",
      "$value": {
        "colorSpace": "srgb",
        "components": [
          0.7019607843137254,
          0.5686274509803921,
          0.30196078431372547
        ],
        "alpha": 1,
        "hex": "#b3914d"
      },
      "$extensions": {
        "com.figma.scopes": [
          "ALL_SCOPES"
        ]
      }
    },
    "s30": {
      "$type": "color",
      "$value": {
        "colorSpace": "srgb",
        "components": [
          0.6509803921568628,
          0.5490196078431373,
          0.34901960784313724
        ],
        "alpha": 1,
        "hex": "#a68c59"
      },
      "$extensions": {
        "com.figma.scopes": [
          "ALL_SCOPES"
        ]
      }
    },
    "s20": {
      "$type": "color",
      "$value": {
        "colorSpace": "srgb",
        "components": [
          0.6,
          0.5333333333333333,
          0.4
        ],
        "alpha": 1,
        "hex": "#998866"
      },
      "$extensions": {
        "com.figma.scopes": [
          "ALL_SCOPES"
        ]
      }
    },
    "s10": {
      "$type": "color",
      "$value": {
        "colorSpace": "srgb",
        "components": [
          0.5490196078431373,
          0.5176470588235295,
          0.45098039215686275
        ],
        "alpha": 1,
        "hex": "#8c8473"
      },
      "$extensions": {
        "com.figma.scopes": [
          "ALL_SCOPES"
        ]
      }
    }
  },
  "yellow": {
    "s100": {
      "$type": "color",
      "$value": {
        "colorSpace": "srgb",
        "components": [
          1,
          0.8352941176470589,
          0
        ],
        "alpha": 1,
        "hex": "#ffd500"
      },
      "$extensions": {
        "com.figma.scopes": [
          "ALL_SCOPES"
        ]
      }
    },
    "s90": {
      "$type": "color",
      "$value": {
        "colorSpace": "srgb",
        "components": [
          0.9490196078431372,
          0.8,
          0.050980392156862744
        ],
        "alpha": 1,
        "hex": "#f2cc0d"
      },
      "$extensions": {
        "com.figma.scopes": [
          "ALL_SCOPES"
        ]
      }
    },
    "s80": {
      "$type": "color",
      "$value": {
        "colorSpace": "srgb",
        "components": [
          0.9019607843137255,
          0.7686274509803922,
          0.09803921568627451
        ],
        "alpha": 1,
        "hex": "#e6c419"
      },
      "$extensions": {
        "com.figma.scopes": [
          "ALL_SCOPES"
        ]
      }
    },
    "s70": {
      "$type": "color",
      "$value": {
        "colorSpace": "srgb",
        "components": [
          0.8509803921568627,
          0.7333333333333333,
          0.14901960784313725
        ],
        "alpha": 1,
        "hex": "#d9bb26"
      },
      "$extensions": {
        "com.figma.scopes": [
          "ALL_SCOPES"
        ]
      }
    },
    "s60": {
      "$type": "color",
      "$value": {
        "colorSpace": "srgb",
        "components": [
          0.8,
          0.7019607843137254,
          0.2
        ],
        "alpha": 1,
        "hex": "#ccb333"
      },
      "$extensions": {
        "com.figma.scopes": [
          "ALL_SCOPES"
        ]
      }
    },
    "s50": {
      "$type": "color",
      "$value": {
        "colorSpace": "srgb",
        "components": [
          0.7490196078431373,
          0.6666666666666666,
          0.25098039215686274
        ],
        "alpha": 1,
        "hex": "#bfaa40"
      },
      "$extensions": {
        "com.figma.scopes": [
          "ALL_SCOPES"
        ]
      }
    },
    "s40": {
      "$type": "color",
      "$value": {
        "colorSpace": "srgb",
        "components": [
          0.7019607843137254,
          0.6352941176470588,
          0.30196078431372547
        ],
        "alpha": 1,
        "hex": "#b3a24d"
      },
      "$extensions": {
        "com.figma.scopes": [
          "ALL_SCOPES"
        ]
      }
    },
    "s30": {
      "$type": "color",
      "$value": {
        "colorSpace": "srgb",
        "components": [
          0.6509803921568628,
          0.6,
          0.34901960784313724
        ],
        "alpha": 1,
        "hex": "#a69959"
      },
      "$extensions": {
        "com.figma.scopes": [
          "ALL_SCOPES"
        ]
      }
    },
    "s20": {
      "$type": "color",
      "$value": {
        "colorSpace": "srgb",
        "components": [
          0.6,
          0.5686274509803921,
          0.4
        ],
        "alpha": 1,
        "hex": "#999166"
      },
      "$extensions": {
        "com.figma.scopes": [
          "ALL_SCOPES"
        ]
      }
    },
    "s10": {
      "$type": "color",
      "$value": {
        "colorSpace": "srgb",
        "components": [
          0.5490196078431373,
          0.5333333333333333,
          0.45098039215686275
        ],
        "alpha": 1,
        "hex": "#8c8873"
      },
      "$extensions": {
        "com.figma.scopes": [
          "ALL_SCOPES"
        ]
      }
    }
  },
  "lime": {
    "s100": {
      "$type": "color",
      "$value": {
        "colorSpace": "srgb",
        "components": [
          0.8313725490196079,
          1,
          0
        ],
        "alpha": 1,
        "hex": "#d4ff00"
      },
      "$extensions": {
        "com.figma.scopes": [
          "ALL_SCOPES"
        ]
      }
    },
    "s90": {
      "$type": "color",
      "$value": {
        "colorSpace": "srgb",
        "components": [
          0.8,
          0.9490196078431372,
          0.050980392156862744
        ],
        "alpha": 1,
        "hex": "#ccf20d"
      },
      "$extensions": {
        "com.figma.scopes": [
          "ALL_SCOPES"
        ]
      }
    },
    "s80": {
      "$type": "color",
      "$value": {
        "colorSpace": "srgb",
        "components": [
          0.7647058823529411,
          0.9019607843137255,
          0.09803921568627451
        ],
        "alpha": 1,
        "hex": "#c3e619"
      },
      "$extensions": {
        "com.figma.scopes": [
          "ALL_SCOPES"
        ]
      }
    },
    "s70": {
      "$type": "color",
      "$value": {
        "colorSpace": "srgb",
        "components": [
          0.7333333333333333,
          0.8509803921568627,
          0.14901960784313725
        ],
        "alpha": 1,
        "hex": "#bbd926"
      },
      "$extensions": {
        "com.figma.scopes": [
          "ALL_SCOPES"
        ]
      }
    },
    "s60": {
      "$type": "color",
      "$value": {
        "colorSpace": "srgb",
        "components": [
          0.7019607843137254,
          0.8,
          0.2
        ],
        "alpha": 1,
        "hex": "#b3cc33"
      },
      "$extensions": {
        "com.figma.scopes": [
          "ALL_SCOPES"
        ]
      }
    },
    "s50": {
      "$type": "color",
      "$value": {
        "colorSpace": "srgb",
        "components": [
          0.6666666666666666,
          0.7490196078431373,
          0.25098039215686274
        ],
        "alpha": 1,
        "hex": "#aabf40"
      },
      "$extensions": {
        "com.figma.scopes": [
          "ALL_SCOPES"
        ]
      }
    },
    "s40": {
      "$type": "color",
      "$value": {
        "colorSpace": "srgb",
        "components": [
          0.6352941176470588,
          0.7019607843137254,
          0.30196078431372547
        ],
        "alpha": 1,
        "hex": "#a2b34d"
      },
      "$extensions": {
        "com.figma.scopes": [
          "ALL_SCOPES"
        ]
      }
    },
    "s30": {
      "$type": "color",
      "$value": {
        "colorSpace": "srgb",
        "components": [
          0.6,
          0.6509803921568628,
          0.34901960784313724
        ],
        "alpha": 1,
        "hex": "#99a659"
      },
      "$extensions": {
        "com.figma.scopes": [
          "ALL_SCOPES"
        ]
      }
    },
    "s20": {
      "$type": "color",
      "$value": {
        "colorSpace": "srgb",
        "components": [
          0.5686274509803921,
          0.6,
          0.4
        ],
        "alpha": 1,
        "hex": "#919966"
      },
      "$extensions": {
        "com.figma.scopes": [
          "ALL_SCOPES"
        ]
      }
    },
    "s10": {
      "$type": "color",
      "$value": {
        "colorSpace": "srgb",
        "components": [
          0.5333333333333333,
          0.5490196078431373,
          0.45098039215686275
        ],
        "alpha": 1,
        "hex": "#888c73"
      },
      "$extensions": {
        "com.figma.scopes": [
          "ALL_SCOPES"
        ]
      }
    }
  },
  "lightGreen": {
    "s100": {
      "$type": "color",
      "$value": {
        "colorSpace": "srgb",
        "components": [
          0.41568627450980394,
          1,
          0
        ],
        "alpha": 1,
        "hex": "#6aff00"
      },
      "$extensions": {
        "com.figma.scopes": [
          "ALL_SCOPES"
        ]
      }
    },
    "s90": {
      "$type": "color",
      "$value": {
        "colorSpace": "srgb",
        "components": [
          0.4235294117647059,
          0.9490196078431372,
          0.050980392156862744
        ],
        "alpha": 1,
        "hex": "#6cf20d"
      },
      "$extensions": {
        "com.figma.scopes": [
          "ALL_SCOPES"
        ]
      }
    },
    "s80": {
      "$type": "color",
      "$value": {
        "colorSpace": "srgb",
        "components": [
          0.43529411764705883,
          0.9019607843137255,
          0.09803921568627451
        ],
        "alpha": 1,
        "hex": "#6fe619"
      },
      "$extensions": {
        "com.figma.scopes": [
          "ALL_SCOPES"
        ]
      }
    },
    "s70": {
      "$type": "color",
      "$value": {
        "colorSpace": "srgb",
        "components": [
          0.44313725490196076,
          0.8509803921568627,
          0.14901960784313725
        ],
        "alpha": 1,
        "hex": "#71d926"
      },
      "$extensions": {
        "com.figma.scopes": [
          "ALL_SCOPES"
        ]
      }
    },
    "s60": {
      "$type": "color",
      "$value": {
        "colorSpace": "srgb",
        "components": [
          0.45098039215686275,
          0.8,
          0.2
        ],
        "alpha": 1,
        "hex": "#73cc33"
      },
      "$extensions": {
        "com.figma.scopes": [
          "ALL_SCOPES"
        ]
      }
    },
    "s50": {
      "$type": "color",
      "$value": {
        "colorSpace": "srgb",
        "components": [
          0.4588235294117647,
          0.7490196078431373,
          0.25098039215686274
        ],
        "alpha": 1,
        "hex": "#75bf40"
      },
      "$extensions": {
        "com.figma.scopes": [
          "ALL_SCOPES"
        ]
      }
    },
    "s40": {
      "$type": "color",
      "$value": {
        "colorSpace": "srgb",
        "components": [
          0.4666666666666667,
          0.7019607843137254,
          0.30196078431372547
        ],
        "alpha": 1,
        "hex": "#77b34d"
      },
      "$extensions": {
        "com.figma.scopes": [
          "ALL_SCOPES"
        ]
      }
    },
    "s30": {
      "$type": "color",
      "$value": {
        "colorSpace": "srgb",
        "components": [
          0.4745098039215686,
          0.6509803921568628,
          0.34901960784313724
        ],
        "alpha": 1,
        "hex": "#79a659"
      },
      "$extensions": {
        "com.figma.scopes": [
          "ALL_SCOPES"
        ]
      }
    },
    "s20": {
      "$type": "color",
      "$value": {
        "colorSpace": "srgb",
        "components": [
          0.4823529411764706,
          0.6,
          0.4
        ],
        "alpha": 1,
        "hex": "#7b9966"
      },
      "$extensions": {
        "com.figma.scopes": [
          "ALL_SCOPES"
        ]
      }
    },
    "s10": {
      "$type": "color",
      "$value": {
        "colorSpace": "srgb",
        "components": [
          0.49019607843137253,
          0.5490196078431373,
          0.45098039215686275
        ],
        "alpha": 1,
        "hex": "#7d8c73"
      },
      "$extensions": {
        "com.figma.scopes": [
          "ALL_SCOPES"
        ]
      }
    }
  },
  "green": {
    "s100": {
      "$type": "color",
      "$value": {
        "colorSpace": "srgb",
        "components": [
          0,
          1,
          0.08235294117647059
        ],
        "alpha": 1,
        "hex": "#00ff15"
      },
      "$extensions": {
        "com.figma.scopes": [
          "ALL_SCOPES"
        ]
      }
    },
    "s90": {
      "$type": "color",
      "$value": {
        "colorSpace": "srgb",
        "components": [
          0.050980392156862744,
          0.9490196078431372,
          0.12549019607843137
        ],
        "alpha": 1,
        "hex": "#0df220"
      },
      "$extensions": {
        "com.figma.scopes": [
          "ALL_SCOPES"
        ]
      }
    },
    "s80": {
      "$type": "color",
      "$value": {
        "colorSpace": "srgb",
        "components": [
          0.09803921568627451,
          0.9019607843137255,
          0.16862745098039217
        ],
        "alpha": 1,
        "hex": "#19e62b"
      },
      "$extensions": {
        "com.figma.scopes": [
          "ALL_SCOPES"
        ]
      }
    },
    "s70": {
      "$type": "color",
      "$value": {
        "colorSpace": "srgb",
        "components": [
          0.14901960784313725,
          0.8509803921568627,
          0.20784313725490197
        ],
        "alpha": 1,
        "hex": "#26d935"
      },
      "$extensions": {
        "com.figma.scopes": [
          "ALL_SCOPES"
        ]
      }
    },
    "s60": {
      "$type": "color",
      "$value": {
        "colorSpace": "srgb",
        "components": [
          0.2,
          0.8,
          0.25098039215686274
        ],
        "alpha": 1,
        "hex": "#33cc40"
      },
      "$extensions": {
        "com.figma.scopes": [
          "ALL_SCOPES"
        ]
      }
    },
    "s50": {
      "$type": "color",
      "$value": {
        "colorSpace": "srgb",
        "components": [
          0.25098039215686274,
          0.7490196078431373,
          0.2901960784313726
        ],
        "alpha": 1,
        "hex": "#40bf4a"
      },
      "$extensions": {
        "com.figma.scopes": [
          "ALL_SCOPES"
        ]
      }
    },
    "s40": {
      "$type": "color",
      "$value": {
        "colorSpace": "srgb",
        "components": [
          0.30196078431372547,
          0.7019607843137254,
          0.3333333333333333
        ],
        "alpha": 1,
        "hex": "#4db355"
      },
      "$extensions": {
        "com.figma.scopes": [
          "ALL_SCOPES"
        ]
      }
    },
    "s30": {
      "$type": "color",
      "$value": {
        "colorSpace": "srgb",
        "components": [
          0.34901960784313724,
          0.6509803921568628,
          0.3764705882352941
        ],
        "alpha": 1,
        "hex": "#59a660"
      },
      "$extensions": {
        "com.figma.scopes": [
          "ALL_SCOPES"
        ]
      }
    },
    "s20": {
      "$type": "color",
      "$value": {
        "colorSpace": "srgb",
        "components": [
          0.4,
          0.6,
          0.41568627450980394
        ],
        "alpha": 1,
        "hex": "#66996a"
      },
      "$extensions": {
        "com.figma.scopes": [
          "ALL_SCOPES"
        ]
      }
    },
    "s10": {
      "$type": "color",
      "$value": {
        "colorSpace": "srgb",
        "components": [
          0.45098039215686275,
          0.5490196078431373,
          0.4588235294117647
        ],
        "alpha": 1,
        "hex": "#738c75"
      },
      "$extensions": {
        "com.figma.scopes": [
          "ALL_SCOPES"
        ]
      }
    }
  },
  "teal": {
    "s100": {
      "$type": "color",
      "$value": {
        "colorSpace": "srgb",
        "components": [
          0,
          1,
          0.5019607843137255
        ],
        "alpha": 1,
        "hex": "#00ff80"
      },
      "$extensions": {
        "com.figma.scopes": [
          "ALL_SCOPES"
        ]
      }
    },
    "s90": {
      "$type": "color",
      "$value": {
        "colorSpace": "srgb",
        "components": [
          0.050980392156862744,
          0.9490196078431372,
          0.5019607843137255
        ],
        "alpha": 1,
        "hex": "#0df280"
      },
      "$extensions": {
        "com.figma.scopes": [
          "ALL_SCOPES"
        ]
      }
    },
    "s80": {
      "$type": "color",
      "$value": {
        "colorSpace": "srgb",
        "components": [
          0.09803921568627451,
          0.9019607843137255,
          0.5019607843137255
        ],
        "alpha": 1,
        "hex": "#19e680"
      },
      "$extensions": {
        "com.figma.scopes": [
          "ALL_SCOPES"
        ]
      }
    },
    "s70": {
      "$type": "color",
      "$value": {
        "colorSpace": "srgb",
        "components": [
          0.14901960784313725,
          0.8509803921568627,
          0.5019607843137255
        ],
        "alpha": 1,
        "hex": "#26d980"
      },
      "$extensions": {
        "com.figma.scopes": [
          "ALL_SCOPES"
        ]
      }
    },
    "s60": {
      "$type": "color",
      "$value": {
        "colorSpace": "srgb",
        "components": [
          0.2,
          0.8,
          0.5019607843137255
        ],
        "alpha": 1,
        "hex": "#33cc80"
      },
      "$extensions": {
        "com.figma.scopes": [
          "ALL_SCOPES"
        ]
      }
    },
    "s50": {
      "$type": "color",
      "$value": {
        "colorSpace": "srgb",
        "components": [
          0.25098039215686274,
          0.7490196078431373,
          0.5019607843137255
        ],
        "alpha": 1,
        "hex": "#40bf80"
      },
      "$extensions": {
        "com.figma.scopes": [
          "ALL_SCOPES"
        ]
      }
    },
    "s40": {
      "$type": "color",
      "$value": {
        "colorSpace": "srgb",
        "components": [
          0.30196078431372547,
          0.7019607843137254,
          0.5019607843137255
        ],
        "alpha": 1,
        "hex": "#4db380"
      },
      "$extensions": {
        "com.figma.scopes": [
          "ALL_SCOPES"
        ]
      }
    },
    "s30": {
      "$type": "color",
      "$value": {
        "colorSpace": "srgb",
        "components": [
          0.34901960784313724,
          0.6509803921568628,
          0.5019607843137255
        ],
        "alpha": 1,
        "hex": "#59a680"
      },
      "$extensions": {
        "com.figma.scopes": [
          "ALL_SCOPES"
        ]
      }
    },
    "s20": {
      "$type": "color",
      "$value": {
        "colorSpace": "srgb",
        "components": [
          0.4,
          0.6,
          0.5019607843137255
        ],
        "alpha": 1,
        "hex": "#669980"
      },
      "$extensions": {
        "com.figma.scopes": [
          "ALL_SCOPES"
        ]
      }
    },
    "s10": {
      "$type": "color",
      "$value": {
        "colorSpace": "srgb",
        "components": [
          0.45098039215686275,
          0.5490196078431373,
          0.5019607843137255
        ],
        "alpha": 1,
        "hex": "#738c80"
      },
      "$extensions": {
        "com.figma.scopes": [
          "ALL_SCOPES"
        ]
      }
    }
  },
  "cyan": {
    "s100": {
      "$type": "color",
      "$value": {
        "colorSpace": "srgb",
        "components": [
          0,
          1,
          0.8352941176470589
        ],
        "alpha": 1,
        "hex": "#00ffd5"
      },
      "$extensions": {
        "com.figma.scopes": [
          "ALL_SCOPES"
        ]
      }
    },
    "s90": {
      "$type": "color",
      "$value": {
        "colorSpace": "srgb",
        "components": [
          0.050980392156862744,
          0.9490196078431372,
          0.8
        ],
        "alpha": 1,
        "hex": "#0df2cc"
      },
      "$extensions": {
        "com.figma.scopes": [
          "ALL_SCOPES"
        ]
      }
    },
    "s80": {
      "$type": "color",
      "$value": {
        "colorSpace": "srgb",
        "components": [
          0.09803921568627451,
          0.9019607843137255,
          0.7686274509803922
        ],
        "alpha": 1,
        "hex": "#19e6c4"
      },
      "$extensions": {
        "com.figma.scopes": [
          "ALL_SCOPES"
        ]
      }
    },
    "s70": {
      "$type": "color",
      "$value": {
        "colorSpace": "srgb",
        "components": [
          0.14901960784313725,
          0.8509803921568627,
          0.7333333333333333
        ],
        "alpha": 1,
        "hex": "#26d9bb"
      },
      "$extensions": {
        "com.figma.scopes": [
          "ALL_SCOPES"
        ]
      }
    },
    "s60": {
      "$type": "color",
      "$value": {
        "colorSpace": "srgb",
        "components": [
          0.2,
          0.8,
          0.7019607843137254
        ],
        "alpha": 1,
        "hex": "#33ccb3"
      },
      "$extensions": {
        "com.figma.scopes": [
          "ALL_SCOPES"
        ]
      }
    },
    "s50": {
      "$type": "color",
      "$value": {
        "colorSpace": "srgb",
        "components": [
          0.25098039215686274,
          0.7490196078431373,
          0.6666666666666666
        ],
        "alpha": 1,
        "hex": "#40bfaa"
      },
      "$extensions": {
        "com.figma.scopes": [
          "ALL_SCOPES"
        ]
      }
    },
    "s40": {
      "$type": "color",
      "$value": {
        "colorSpace": "srgb",
        "components": [
          0.30196078431372547,
          0.7019607843137254,
          0.6352941176470588
        ],
        "alpha": 1,
        "hex": "#4db3a2"
      },
      "$extensions": {
        "com.figma.scopes": [
          "ALL_SCOPES"
        ]
      }
    },
    "s30": {
      "$type": "color",
      "$value": {
        "colorSpace": "srgb",
        "components": [
          0.34901960784313724,
          0.6509803921568628,
          0.6
        ],
        "alpha": 1,
        "hex": "#59a699"
      },
      "$extensions": {
        "com.figma.scopes": [
          "ALL_SCOPES"
        ]
      }
    },
    "s20": {
      "$type": "color",
      "$value": {
        "colorSpace": "srgb",
        "components": [
          0.4,
          0.6,
          0.5686274509803921
        ],
        "alpha": 1,
        "hex": "#669991"
      },
      "$extensions": {
        "com.figma.scopes": [
          "ALL_SCOPES"
        ]
      }
    },
    "s10": {
      "$type": "color",
      "$value": {
        "colorSpace": "srgb",
        "components": [
          0.45098039215686275,
          0.5490196078431373,
          0.5333333333333333
        ],
        "alpha": 1,
        "hex": "#738c88"
      },
      "$extensions": {
        "com.figma.scopes": [
          "ALL_SCOPES"
        ]
      }
    }
  },
  "lightBlue": {
    "s100": {
      "$type": "color",
      "$value": {
        "colorSpace": "srgb",
        "components": [
          0,
          0.8352941176470589,
          1
        ],
        "alpha": 1,
        "hex": "#00d5ff"
      },
      "$extensions": {
        "com.figma.scopes": [
          "ALL_SCOPES"
        ]
      }
    },
    "s90": {
      "$type": "color",
      "$value": {
        "colorSpace": "srgb",
        "components": [
          0.050980392156862744,
          0.8,
          0.9490196078431372
        ],
        "alpha": 1,
        "hex": "#0dccf2"
      },
      "$extensions": {
        "com.figma.scopes": [
          "ALL_SCOPES"
        ]
      }
    },
    "s80": {
      "$type": "color",
      "$value": {
        "colorSpace": "srgb",
        "components": [
          0.09803921568627451,
          0.7686274509803922,
          0.9019607843137255
        ],
        "alpha": 1,
        "hex": "#19c4e6"
      },
      "$extensions": {
        "com.figma.scopes": [
          "ALL_SCOPES"
        ]
      }
    },
    "s70": {
      "$type": "color",
      "$value": {
        "colorSpace": "srgb",
        "components": [
          0.14901960784313725,
          0.7333333333333333,
          0.8509803921568627
        ],
        "alpha": 1,
        "hex": "#26bbd9"
      },
      "$extensions": {
        "com.figma.scopes": [
          "ALL_SCOPES"
        ]
      }
    },
    "s60": {
      "$type": "color",
      "$value": {
        "colorSpace": "srgb",
        "components": [
          0.2,
          0.7019607843137254,
          0.8
        ],
        "alpha": 1,
        "hex": "#33b3cc"
      },
      "$extensions": {
        "com.figma.scopes": [
          "ALL_SCOPES"
        ]
      }
    },
    "s50": {
      "$type": "color",
      "$value": {
        "colorSpace": "srgb",
        "components": [
          0.25098039215686274,
          0.6666666666666666,
          0.7490196078431373
        ],
        "alpha": 1,
        "hex": "#40aabf"
      },
      "$extensions": {
        "com.figma.scopes": [
          "ALL_SCOPES"
        ]
      }
    },
    "s40": {
      "$type": "color",
      "$value": {
        "colorSpace": "srgb",
        "components": [
          0.30196078431372547,
          0.6352941176470588,
          0.7019607843137254
        ],
        "alpha": 1,
        "hex": "#4da2b3"
      },
      "$extensions": {
        "com.figma.scopes": [
          "ALL_SCOPES"
        ]
      }
    },
    "s30": {
      "$type": "color",
      "$value": {
        "colorSpace": "srgb",
        "components": [
          0.34901960784313724,
          0.6,
          0.6509803921568628
        ],
        "alpha": 1,
        "hex": "#5999a6"
      },
      "$extensions": {
        "com.figma.scopes": [
          "ALL_SCOPES"
        ]
      }
    },
    "s20": {
      "$type": "color",
      "$value": {
        "colorSpace": "srgb",
        "components": [
          0.4,
          0.5686274509803921,
          0.6
        ],
        "alpha": 1,
        "hex": "#669199"
      },
      "$extensions": {
        "com.figma.scopes": [
          "ALL_SCOPES"
        ]
      }
    },
    "s10": {
      "$type": "color",
      "$value": {
        "colorSpace": "srgb",
        "components": [
          0.45098039215686275,
          0.5333333333333333,
          0.5490196078431373
        ],
        "alpha": 1,
        "hex": "#73888c"
      },
      "$extensions": {
        "com.figma.scopes": [
          "ALL_SCOPES"
        ]
      }
    }
  },
  "blue": {
    "s100": {
      "$type": "color",
      "$value": {
        "colorSpace": "srgb",
        "components": [
          0,
          0.5019607843137255,
          1
        ],
        "alpha": 1,
        "hex": "#0080ff"
      },
      "$extensions": {
        "com.figma.scopes": [
          "ALL_SCOPES"
        ]
      }
    },
    "s90": {
      "$type": "color",
      "$value": {
        "colorSpace": "srgb",
        "components": [
          0.050980392156862744,
          0.5019607843137255,
          0.9490196078431372
        ],
        "alpha": 1,
        "hex": "#0d80f2"
      },
      "$extensions": {
        "com.figma.scopes": [
          "ALL_SCOPES"
        ]
      }
    },
    "s80": {
      "$type": "color",
      "$value": {
        "colorSpace": "srgb",
        "components": [
          0.09803921568627451,
          0.5019607843137255,
          0.9019607843137255
        ],
        "alpha": 1,
        "hex": "#1980e6"
      },
      "$extensions": {
        "com.figma.scopes": [
          "ALL_SCOPES"
        ]
      }
    },
    "s70": {
      "$type": "color",
      "$value": {
        "colorSpace": "srgb",
        "components": [
          0.14901960784313725,
          0.5019607843137255,
          0.8509803921568627
        ],
        "alpha": 1,
        "hex": "#2680d9"
      },
      "$extensions": {
        "com.figma.scopes": [
          "ALL_SCOPES"
        ]
      }
    },
    "s60": {
      "$type": "color",
      "$value": {
        "colorSpace": "srgb",
        "components": [
          0.2,
          0.5019607843137255,
          0.8
        ],
        "alpha": 1,
        "hex": "#3380cc"
      },
      "$extensions": {
        "com.figma.scopes": [
          "ALL_SCOPES"
        ]
      }
    },
    "s50": {
      "$type": "color",
      "$value": {
        "colorSpace": "srgb",
        "components": [
          0.25098039215686274,
          0.5019607843137255,
          0.7490196078431373
        ],
        "alpha": 1,
        "hex": "#4080bf"
      },
      "$extensions": {
        "com.figma.scopes": [
          "ALL_SCOPES"
        ]
      }
    },
    "s40": {
      "$type": "color",
      "$value": {
        "colorSpace": "srgb",
        "components": [
          0.30196078431372547,
          0.5019607843137255,
          0.7019607843137254
        ],
        "alpha": 1,
        "hex": "#4d80b3"
      },
      "$extensions": {
        "com.figma.scopes": [
          "ALL_SCOPES"
        ]
      }
    },
    "s30": {
      "$type": "color",
      "$value": {
        "colorSpace": "srgb",
        "components": [
          0.34901960784313724,
          0.5019607843137255,
          0.6509803921568628
        ],
        "alpha": 1,
        "hex": "#5980a6"
      },
      "$extensions": {
        "com.figma.scopes": [
          "ALL_SCOPES"
        ]
      }
    },
    "s20": {
      "$type": "color",
      "$value": {
        "colorSpace": "srgb",
        "components": [
          0.4,
          0.5019607843137255,
          0.6
        ],
        "alpha": 1,
        "hex": "#668099"
      },
      "$extensions": {
        "com.figma.scopes": [
          "ALL_SCOPES"
        ]
      }
    },
    "s10": {
      "$type": "color",
      "$value": {
        "colorSpace": "srgb",
        "components": [
          0.45098039215686275,
          0.5019607843137255,
          0.5490196078431373
        ],
        "alpha": 1,
        "hex": "#73808c"
      },
      "$extensions": {
        "com.figma.scopes": [
          "ALL_SCOPES"
        ]
      }
    }
  },
  "deepBlue": {
    "s100": {
      "$type": "color",
      "$value": {
        "colorSpace": "srgb",
        "components": [
          0,
          0.16470588235294117,
          1
        ],
        "alpha": 1,
        "hex": "#002aff"
      },
      "$extensions": {
        "com.figma.scopes": [
          "ALL_SCOPES"
        ]
      }
    },
    "s90": {
      "$type": "color",
      "$value": {
        "colorSpace": "srgb",
        "components": [
          0.050980392156862744,
          0.2,
          0.9490196078431372
        ],
        "alpha": 1,
        "hex": "#0d33f2"
      },
      "$extensions": {
        "com.figma.scopes": [
          "ALL_SCOPES"
        ]
      }
    },
    "s80": {
      "$type": "color",
      "$value": {
        "colorSpace": "srgb",
        "components": [
          0.09803921568627451,
          0.23137254901960785,
          0.9019607843137255
        ],
        "alpha": 1,
        "hex": "#193be6"
      },
      "$extensions": {
        "com.figma.scopes": [
          "ALL_SCOPES"
        ]
      }
    },
    "s70": {
      "$type": "color",
      "$value": {
        "colorSpace": "srgb",
        "components": [
          0.14901960784313725,
          0.26666666666666666,
          0.8509803921568627
        ],
        "alpha": 1,
        "hex": "#2644d9"
      },
      "$extensions": {
        "com.figma.scopes": [
          "ALL_SCOPES"
        ]
      }
    },
    "s60": {
      "$type": "color",
      "$value": {
        "colorSpace": "srgb",
        "components": [
          0.2,
          0.2980392156862745,
          0.8
        ],
        "alpha": 1,
        "hex": "#334ccc"
      },
      "$extensions": {
        "com.figma.scopes": [
          "ALL_SCOPES"
        ]
      }
    },
    "s50": {
      "$type": "color",
      "$value": {
        "colorSpace": "srgb",
        "components": [
          0.25098039215686274,
          0.3333333333333333,
          0.7490196078431373
        ],
        "alpha": 1,
        "hex": "#4055bf"
      },
      "$extensions": {
        "com.figma.scopes": [
          "ALL_SCOPES"
        ]
      }
    },
    "s40": {
      "$type": "color",
      "$value": {
        "colorSpace": "srgb",
        "components": [
          0.30196078431372547,
          0.3686274509803922,
          0.7019607843137254
        ],
        "alpha": 1,
        "hex": "#4d5eb3"
      },
      "$extensions": {
        "com.figma.scopes": [
          "ALL_SCOPES"
        ]
      }
    },
    "s30": {
      "$type": "color",
      "$value": {
        "colorSpace": "srgb",
        "components": [
          0.34901960784313724,
          0.4,
          0.6509803921568628
        ],
        "alpha": 1,
        "hex": "#5966a6"
      },
      "$extensions": {
        "com.figma.scopes": [
          "ALL_SCOPES"
        ]
      }
    },
    "s20": {
      "$type": "color",
      "$value": {
        "colorSpace": "srgb",
        "components": [
          0.4,
          0.43529411764705883,
          0.6
        ],
        "alpha": 1,
        "hex": "#666f99"
      },
      "$extensions": {
        "com.figma.scopes": [
          "ALL_SCOPES"
        ]
      }
    },
    "s10": {
      "$type": "color",
      "$value": {
        "colorSpace": "srgb",
        "components": [
          0.45098039215686275,
          0.4666666666666667,
          0.5490196078431373
        ],
        "alpha": 1,
        "hex": "#73778c"
      },
      "$extensions": {
        "com.figma.scopes": [
          "ALL_SCOPES"
        ]
      }
    }
  },
  "indigo": {
    "s100": {
      "$type": "color",
      "$value": {
        "colorSpace": "srgb",
        "components": [
          0.16862745098039217,
          0,
          1
        ],
        "alpha": 1,
        "hex": "#2b00ff"
      },
      "$extensions": {
        "com.figma.scopes": [
          "ALL_SCOPES"
        ]
      }
    },
    "s90": {
      "$type": "color",
      "$value": {
        "colorSpace": "srgb",
        "components": [
          0.2,
          0.050980392156862744,
          0.9490196078431372
        ],
        "alpha": 1,
        "hex": "#330df2"
      },
      "$extensions": {
        "com.figma.scopes": [
          "ALL_SCOPES"
        ]
      }
    },
    "s80": {
      "$type": "color",
      "$value": {
        "colorSpace": "srgb",
        "components": [
          0.23529411764705882,
          0.09803921568627451,
          0.9019607843137255
        ],
        "alpha": 1,
        "hex": "#3c19e6"
      },
      "$extensions": {
        "com.figma.scopes": [
          "ALL_SCOPES"
        ]
      }
    },
    "s70": {
      "$type": "color",
      "$value": {
        "colorSpace": "srgb",
        "components": [
          0.26666666666666666,
          0.14901960784313725,
          0.8509803921568627
        ],
        "alpha": 1,
        "hex": "#4426d9"
      },
      "$extensions": {
        "com.figma.scopes": [
          "ALL_SCOPES"
        ]
      }
    },
    "s60": {
      "$type": "color",
      "$value": {
        "colorSpace": "srgb",
        "components": [
          0.30196078431372547,
          0.2,
          0.8
        ],
        "alpha": 1,
        "hex": "#4d33cc"
      },
      "$extensions": {
        "com.figma.scopes": [
          "ALL_SCOPES"
        ]
      }
    },
    "s50": {
      "$type": "color",
      "$value": {
        "colorSpace": "srgb",
        "components": [
          0.3333333333333333,
          0.25098039215686274,
          0.7490196078431373
        ],
        "alpha": 1,
        "hex": "#5540bf"
      },
      "$extensions": {
        "com.figma.scopes": [
          "ALL_SCOPES"
        ]
      }
    },
    "s40": {
      "$type": "color",
      "$value": {
        "colorSpace": "srgb",
        "components": [
          0.3686274509803922,
          0.30196078431372547,
          0.7019607843137254
        ],
        "alpha": 1,
        "hex": "#5e4db3"
      },
      "$extensions": {
        "com.figma.scopes": [
          "ALL_SCOPES"
        ]
      }
    },
    "s30": {
      "$type": "color",
      "$value": {
        "colorSpace": "srgb",
        "components": [
          0.4,
          0.34901960784313724,
          0.6509803921568628
        ],
        "alpha": 1,
        "hex": "#6659a6"
      },
      "$extensions": {
        "com.figma.scopes": [
          "ALL_SCOPES"
        ]
      }
    },
    "s20": {
      "$type": "color",
      "$value": {
        "colorSpace": "srgb",
        "components": [
          0.43529411764705883,
          0.4,
          0.6
        ],
        "alpha": 1,
        "hex": "#6f6699"
      },
      "$extensions": {
        "com.figma.scopes": [
          "ALL_SCOPES"
        ]
      }
    },
    "s10": {
      "$type": "color",
      "$value": {
        "colorSpace": "srgb",
        "components": [
          0.4666666666666667,
          0.45098039215686275,
          0.5490196078431373
        ],
        "alpha": 1,
        "hex": "#77738c"
      },
      "$extensions": {
        "com.figma.scopes": [
          "ALL_SCOPES"
        ]
      }
    }
  },
  "deepPurple": {
    "s100": {
      "$type": "color",
      "$value": {
        "colorSpace": "srgb",
        "components": [
          0.5019607843137255,
          0,
          1
        ],
        "alpha": 1,
        "hex": "#8000ff"
      },
      "$extensions": {
        "com.figma.scopes": [
          "ALL_SCOPES"
        ]
      }
    },
    "s90": {
      "$type": "color",
      "$value": {
        "colorSpace": "srgb",
        "components": [
          0.5019607843137255,
          0.050980392156862744,
          0.9490196078431372
        ],
        "alpha": 1,
        "hex": "#800df2"
      },
      "$extensions": {
        "com.figma.scopes": [
          "ALL_SCOPES"
        ]
      }
    },
    "s80": {
      "$type": "color",
      "$value": {
        "colorSpace": "srgb",
        "components": [
          0.5019607843137255,
          0.09803921568627451,
          0.9019607843137255
        ],
        "alpha": 1,
        "hex": "#8019e6"
      },
      "$extensions": {
        "com.figma.scopes": [
          "ALL_SCOPES"
        ]
      }
    },
    "s70": {
      "$type": "color",
      "$value": {
        "colorSpace": "srgb",
        "components": [
          0.5019607843137255,
          0.14901960784313725,
          0.8509803921568627
        ],
        "alpha": 1,
        "hex": "#8026d9"
      },
      "$extensions": {
        "com.figma.scopes": [
          "ALL_SCOPES"
        ]
      }
    },
    "s60": {
      "$type": "color",
      "$value": {
        "colorSpace": "srgb",
        "components": [
          0.5019607843137255,
          0.2,
          0.8
        ],
        "alpha": 1,
        "hex": "#8033cc"
      },
      "$extensions": {
        "com.figma.scopes": [
          "ALL_SCOPES"
        ]
      }
    },
    "s50": {
      "$type": "color",
      "$value": {
        "colorSpace": "srgb",
        "components": [
          0.5019607843137255,
          0.25098039215686274,
          0.7490196078431373
        ],
        "alpha": 1,
        "hex": "#8040bf"
      },
      "$extensions": {
        "com.figma.scopes": [
          "ALL_SCOPES"
        ]
      }
    },
    "s40": {
      "$type": "color",
      "$value": {
        "colorSpace": "srgb",
        "components": [
          0.5019607843137255,
          0.30196078431372547,
          0.7019607843137254
        ],
        "alpha": 1,
        "hex": "#804db3"
      },
      "$extensions": {
        "com.figma.scopes": [
          "ALL_SCOPES"
        ]
      }
    },
    "s30": {
      "$type": "color",
      "$value": {
        "colorSpace": "srgb",
        "components": [
          0.5019607843137255,
          0.34901960784313724,
          0.6509803921568628
        ],
        "alpha": 1,
        "hex": "#8059a6"
      },
      "$extensions": {
        "com.figma.scopes": [
          "ALL_SCOPES"
        ]
      }
    },
    "s20": {
      "$type": "color",
      "$value": {
        "colorSpace": "srgb",
        "components": [
          0.5019607843137255,
          0.4,
          0.6
        ],
        "alpha": 1,
        "hex": "#806699"
      },
      "$extensions": {
        "com.figma.scopes": [
          "ALL_SCOPES"
        ]
      }
    },
    "s10": {
      "$type": "color",
      "$value": {
        "colorSpace": "srgb",
        "components": [
          0.5019607843137255,
          0.45098039215686275,
          0.5490196078431373
        ],
        "alpha": 1,
        "hex": "#80738c"
      },
      "$extensions": {
        "com.figma.scopes": [
          "ALL_SCOPES"
        ]
      }
    }
  },
  "purple": {
    "s100": {
      "$type": "color",
      "$value": {
        "colorSpace": "srgb",
        "components": [
          0.8313725490196079,
          0,
          1
        ],
        "alpha": 1,
        "hex": "#d400ff"
      },
      "$extensions": {
        "com.figma.scopes": [
          "ALL_SCOPES"
        ]
      }
    },
    "s90": {
      "$type": "color",
      "$value": {
        "colorSpace": "srgb",
        "components": [
          0.8,
          0.050980392156862744,
          0.9490196078431372
        ],
        "alpha": 1,
        "hex": "#cc0df2"
      },
      "$extensions": {
        "com.figma.scopes": [
          "ALL_SCOPES"
        ]
      }
    },
    "s80": {
      "$type": "color",
      "$value": {
        "colorSpace": "srgb",
        "components": [
          0.7647058823529411,
          0.09803921568627451,
          0.9019607843137255
        ],
        "alpha": 1,
        "hex": "#c319e6"
      },
      "$extensions": {
        "com.figma.scopes": [
          "ALL_SCOPES"
        ]
      }
    },
    "s70": {
      "$type": "color",
      "$value": {
        "colorSpace": "srgb",
        "components": [
          0.7333333333333333,
          0.14901960784313725,
          0.8509803921568627
        ],
        "alpha": 1,
        "hex": "#bb26d9"
      },
      "$extensions": {
        "com.figma.scopes": [
          "ALL_SCOPES"
        ]
      }
    },
    "s60": {
      "$type": "color",
      "$value": {
        "colorSpace": "srgb",
        "components": [
          0.6980392156862745,
          0.2,
          0.8
        ],
        "alpha": 1,
        "hex": "#b233cc"
      },
      "$extensions": {
        "com.figma.scopes": [
          "ALL_SCOPES"
        ]
      }
    },
    "s50": {
      "$type": "color",
      "$value": {
        "colorSpace": "srgb",
        "components": [
          0.6666666666666666,
          0.25098039215686274,
          0.7490196078431373
        ],
        "alpha": 1,
        "hex": "#aa40bf"
      },
      "$extensions": {
        "com.figma.scopes": [
          "ALL_SCOPES"
        ]
      }
    },
    "s40": {
      "$type": "color",
      "$value": {
        "colorSpace": "srgb",
        "components": [
          0.6313725490196078,
          0.30196078431372547,
          0.7019607843137254
        ],
        "alpha": 1,
        "hex": "#a14db3"
      },
      "$extensions": {
        "com.figma.scopes": [
          "ALL_SCOPES"
        ]
      }
    },
    "s30": {
      "$type": "color",
      "$value": {
        "colorSpace": "srgb",
        "components": [
          0.6,
          0.34901960784313724,
          0.6509803921568628
        ],
        "alpha": 1,
        "hex": "#9959a6"
      },
      "$extensions": {
        "com.figma.scopes": [
          "ALL_SCOPES"
        ]
      }
    },
    "s20": {
      "$type": "color",
      "$value": {
        "colorSpace": "srgb",
        "components": [
          0.5647058823529412,
          0.4,
          0.6
        ],
        "alpha": 1,
        "hex": "#906699"
      },
      "$extensions": {
        "com.figma.scopes": [
          "ALL_SCOPES"
        ]
      }
    },
    "s10": {
      "$type": "color",
      "$value": {
        "colorSpace": "srgb",
        "components": [
          0.5333333333333333,
          0.45098039215686275,
          0.5490196078431373
        ],
        "alpha": 1,
        "hex": "#88738c"
      },
      "$extensions": {
        "com.figma.scopes": [
          "ALL_SCOPES"
        ]
      }
    }
  },
  "fushia": {
    "s100": {
      "$type": "color",
      "$value": {
        "colorSpace": "srgb",
        "components": [
          1,
          0,
          0.8313725490196079
        ],
        "alpha": 1,
        "hex": "#ff00d4"
      },
      "$extensions": {
        "com.figma.scopes": [
          "ALL_SCOPES"
        ]
      }
    },
    "s90": {
      "$type": "color",
      "$value": {
        "colorSpace": "srgb",
        "components": [
          0.9490196078431372,
          0.050980392156862744,
          0.8
        ],
        "alpha": 1,
        "hex": "#f20dcc"
      },
      "$extensions": {
        "com.figma.scopes": [
          "ALL_SCOPES"
        ]
      }
    },
    "s80": {
      "$type": "color",
      "$value": {
        "colorSpace": "srgb",
        "components": [
          0.9019607843137255,
          0.09803921568627451,
          0.7647058823529411
        ],
        "alpha": 1,
        "hex": "#e619c3"
      },
      "$extensions": {
        "com.figma.scopes": [
          "ALL_SCOPES"
        ]
      }
    },
    "s70": {
      "$type": "color",
      "$value": {
        "colorSpace": "srgb",
        "components": [
          0.8509803921568627,
          0.14901960784313725,
          0.7333333333333333
        ],
        "alpha": 1,
        "hex": "#d926bb"
      },
      "$extensions": {
        "com.figma.scopes": [
          "ALL_SCOPES"
        ]
      }
    },
    "s60": {
      "$type": "color",
      "$value": {
        "colorSpace": "srgb",
        "components": [
          0.8,
          0.2,
          0.6980392156862745
        ],
        "alpha": 1,
        "hex": "#cc33b2"
      },
      "$extensions": {
        "com.figma.scopes": [
          "ALL_SCOPES"
        ]
      }
    },
    "s50": {
      "$type": "color",
      "$value": {
        "colorSpace": "srgb",
        "components": [
          0.7490196078431373,
          0.25098039215686274,
          0.6666666666666666
        ],
        "alpha": 1,
        "hex": "#bf40aa"
      },
      "$extensions": {
        "com.figma.scopes": [
          "ALL_SCOPES"
        ]
      }
    },
    "s40": {
      "$type": "color",
      "$value": {
        "colorSpace": "srgb",
        "components": [
          0.7019607843137254,
          0.30196078431372547,
          0.6313725490196078
        ],
        "alpha": 1,
        "hex": "#b34da1"
      },
      "$extensions": {
        "com.figma.scopes": [
          "ALL_SCOPES"
        ]
      }
    },
    "s30": {
      "$type": "color",
      "$value": {
        "colorSpace": "srgb",
        "components": [
          0.6509803921568628,
          0.34901960784313724,
          0.6
        ],
        "alpha": 1,
        "hex": "#a65999"
      },
      "$extensions": {
        "com.figma.scopes": [
          "ALL_SCOPES"
        ]
      }
    },
    "s20": {
      "$type": "color",
      "$value": {
        "colorSpace": "srgb",
        "components": [
          0.6,
          0.4,
          0.5647058823529412
        ],
        "alpha": 1,
        "hex": "#996690"
      },
      "$extensions": {
        "com.figma.scopes": [
          "ALL_SCOPES"
        ]
      }
    },
    "s10": {
      "$type": "color",
      "$value": {
        "colorSpace": "srgb",
        "components": [
          0.5490196078431373,
          0.45098039215686275,
          0.5333333333333333
        ],
        "alpha": 1,
        "hex": "#8c7388"
      },
      "$extensions": {
        "com.figma.scopes": [
          "ALL_SCOPES"
        ]
      }
    }
  },
  "pink": {
    "s100": {
      "$type": "color",
      "$value": {
        "colorSpace": "srgb",
        "components": [
          1,
          0,
          0.5019607843137255
        ],
        "alpha": 1,
        "hex": "#ff0080"
      },
      "$extensions": {
        "com.figma.scopes": [
          "ALL_SCOPES"
        ]
      }
    },
    "s90": {
      "$type": "color",
      "$value": {
        "colorSpace": "srgb",
        "components": [
          0.9490196078431372,
          0.050980392156862744,
          0.5019607843137255
        ],
        "alpha": 1,
        "hex": "#f20d80"
      },
      "$extensions": {
        "com.figma.scopes": [
          "ALL_SCOPES"
        ]
      }
    },
    "s80": {
      "$type": "color",
      "$value": {
        "colorSpace": "srgb",
        "components": [
          0.9019607843137255,
          0.09803921568627451,
          0.5019607843137255
        ],
        "alpha": 1,
        "hex": "#e61980"
      },
      "$extensions": {
        "com.figma.scopes": [
          "ALL_SCOPES"
        ]
      }
    },
    "s70": {
      "$type": "color",
      "$value": {
        "colorSpace": "srgb",
        "components": [
          0.8509803921568627,
          0.14901960784313725,
          0.5019607843137255
        ],
        "alpha": 1,
        "hex": "#d92680"
      },
      "$extensions": {
        "com.figma.scopes": [
          "ALL_SCOPES"
        ]
      }
    },
    "s60": {
      "$type": "color",
      "$value": {
        "colorSpace": "srgb",
        "components": [
          0.8,
          0.2,
          0.5019607843137255
        ],
        "alpha": 1,
        "hex": "#cc3380"
      },
      "$extensions": {
        "com.figma.scopes": [
          "ALL_SCOPES"
        ]
      }
    },
    "s50": {
      "$type": "color",
      "$value": {
        "colorSpace": "srgb",
        "components": [
          0.7490196078431373,
          0.25098039215686274,
          0.5019607843137255
        ],
        "alpha": 1,
        "hex": "#bf4080"
      },
      "$extensions": {
        "com.figma.scopes": [
          "ALL_SCOPES"
        ]
      }
    },
    "s40": {
      "$type": "color",
      "$value": {
        "colorSpace": "srgb",
        "components": [
          0.7019607843137254,
          0.30196078431372547,
          0.5019607843137255
        ],
        "alpha": 1,
        "hex": "#b34d80"
      },
      "$extensions": {
        "com.figma.scopes": [
          "ALL_SCOPES"
        ]
      }
    },
    "s30": {
      "$type": "color",
      "$value": {
        "colorSpace": "srgb",
        "components": [
          0.6509803921568628,
          0.34901960784313724,
          0.5019607843137255
        ],
        "alpha": 1,
        "hex": "#a65980"
      },
      "$extensions": {
        "com.figma.scopes": [
          "ALL_SCOPES"
        ]
      }
    },
    "s20": {
      "$type": "color",
      "$value": {
        "colorSpace": "srgb",
        "components": [
          0.6,
          0.4,
          0.5019607843137255
        ],
        "alpha": 1,
        "hex": "#996680"
      },
      "$extensions": {
        "com.figma.scopes": [
          "ALL_SCOPES"
        ]
      }
    },
    "s10": {
      "$type": "color",
      "$value": {
        "colorSpace": "srgb",
        "components": [
          0.5490196078431373,
          0.45098039215686275,
          0.5019607843137255
        ],
        "alpha": 1,
        "hex": "#8c7380"
      },
      "$extensions": {
        "com.figma.scopes": [
          "ALL_SCOPES"
        ]
      }
    }
  },
  "strawberry": {
    "s100": {
      "$type": "color",
      "$value": {
        "colorSpace": "srgb",
        "components": [
          1,
          0,
          0.16862745098039217
        ],
        "alpha": 1,
        "hex": "#ff002b"
      },
      "$extensions": {
        "com.figma.scopes": [
          "ALL_SCOPES"
        ]
      }
    },
    "s90": {
      "$type": "color",
      "$value": {
        "colorSpace": "srgb",
        "components": [
          0.9490196078431372,
          0.050980392156862744,
          0.2
        ],
        "alpha": 1,
        "hex": "#f20d33"
      },
      "$extensions": {
        "com.figma.scopes": [
          "ALL_SCOPES"
        ]
      }
    },
    "s80": {
      "$type": "color",
      "$value": {
        "colorSpace": "srgb",
        "components": [
          0.9019607843137255,
          0.09803921568627451,
          0.23529411764705882
        ],
        "alpha": 1,
        "hex": "#e6193c"
      },
      "$extensions": {
        "com.figma.scopes": [
          "ALL_SCOPES"
        ]
      }
    },
    "s70": {
      "$type": "color",
      "$value": {
        "colorSpace": "srgb",
        "components": [
          0.8509803921568627,
          0.14901960784313725,
          0.26666666666666666
        ],
        "alpha": 1,
        "hex": "#d92644"
      },
      "$extensions": {
        "com.figma.scopes": [
          "ALL_SCOPES"
        ]
      }
    },
    "s60": {
      "$type": "color",
      "$value": {
        "colorSpace": "srgb",
        "components": [
          0.8,
          0.2,
          0.30196078431372547
        ],
        "alpha": 1,
        "hex": "#cc334d"
      },
      "$extensions": {
        "com.figma.scopes": [
          "ALL_SCOPES"
        ]
      }
    },
    "s50": {
      "$type": "color",
      "$value": {
        "colorSpace": "srgb",
        "components": [
          0.7490196078431373,
          0.25098039215686274,
          0.3333333333333333
        ],
        "alpha": 1,
        "hex": "#bf4055"
      },
      "$extensions": {
        "com.figma.scopes": [
          "ALL_SCOPES"
        ]
      }
    },
    "s40": {
      "$type": "color",
      "$value": {
        "colorSpace": "srgb",
        "components": [
          0.7019607843137254,
          0.30196078431372547,
          0.3686274509803922
        ],
        "alpha": 1,
        "hex": "#b34d5e"
      },
      "$extensions": {
        "com.figma.scopes": [
          "ALL_SCOPES"
        ]
      }
    },
    "s30": {
      "$type": "color",
      "$value": {
        "colorSpace": "srgb",
        "components": [
          0.6509803921568628,
          0.34901960784313724,
          0.4
        ],
        "alpha": 1,
        "hex": "#a65966"
      },
      "$extensions": {
        "com.figma.scopes": [
          "ALL_SCOPES"
        ]
      }
    },
    "s20": {
      "$type": "color",
      "$value": {
        "colorSpace": "srgb",
        "components": [
          0.6,
          0.4,
          0.43529411764705883
        ],
        "alpha": 1,
        "hex": "#99666f"
      },
      "$extensions": {
        "com.figma.scopes": [
          "ALL_SCOPES"
        ]
      }
    },
    "s10": {
      "$type": "color",
      "$value": {
        "colorSpace": "srgb",
        "components": [
          0.5490196078431373,
          0.45098039215686275,
          0.4666666666666667
        ],
        "alpha": 1,
        "hex": "#8c7377"
      },
      "$extensions": {
        "com.figma.scopes": [
          "ALL_SCOPES"
        ]
      }
    }
  },
  "$extensions": {
    "com.figma.modeName": "Value",
    "com.figma.collectionName": "Style/Colors/Base"
  }
}