{
  "viewportHeight": {
    "minHeight": {
      "$type": "number",
      "$value": 0,
      "$extensions": {
        "com.figma.scopes": [
          "WIDTH_HEIGHT"
        ],
        "com.figma.aliasdata": {
          "targetVariableName": "{portrait.viewportHeight.minHeight}",
          "targetVariableSetName": "System/Ratios"
        }
      }
    },
    "maxHeight": {
      "$type": "number",
      "$value": 0,
      "$extensions": {
        "com.figma.scopes": [
          "WIDTH_HEIGHT"
        ],
        "com.figma.aliasdata": {
          "targetVariableName": "{portrait.viewportHeight.maxHeight}",
          "targetVariableSetName": "System/Ratios"
        }
      }
    }
  },
  "$extensions": {
    "com.figma.modeName": "portrait",
    "com.figma.collectionName": "System/Orientations"
  }
}