{
  "interface": {
    "$type": "string",
    "$value": "Roboto Condensed",
    "$extensions": {
      "com.figma.scopes": [
        "FONT_FAMILY"
      ],
      "com.figma.type": "string"
    }
  },
  "accent": {
    "$type": "string",
    "$value": "Parisienne",
    "$extensions": {
      "com.figma.scopes": [
        "FONT_FAMILY"
      ],
      "com.figma.type": "string"
    }
  },
  "tech": {
    "$type": "string",
    "$value": "Roboto Mono",
    "$extensions": {
      "com.figma.scopes": [
        "FONT_FAMILY"
      ],
      "com.figma.type": "string"
    }
  },
  "body": {
    "$type": "string",
    "$value": "Roboto",
    "$extensions": {
      "com.figma.scopes": [
        "FONT_FAMILY"
      ],
      "com.figma.type": "string"
    }
  },
  "meta": {
    "$type": "string",
    "$value": "Roboto",
    "$extensions": {
      "com.figma.scopes": [
        "FONT_FAMILY"
      ],
      "com.figma.type": "string"
    }
  },
  "$extensions": {
    "com.figma.modeName": "Value",
    "com.figma.collectionName": "Style/Typography"
  }
}