{
  "desktop": {
    "landscape": {
      "xl": {
        "width": {
          "$type": "number",
          "$value": 1536,
          "$extensions": {
            "com.figma.scopes": [
              "WIDTH_HEIGHT"
            ],
            "com.figma.hiddenFromPublishing": true
          }
        },
        "height": {
          "$type": "number",
          "$value": 960,
          "$extensions": {
            "com.figma.scopes": [
              "WIDTH_HEIGHT"
            ],
            "com.figma.hiddenFromPublishing": true
          }
        },
        "content": {
          "widths": {
            "columns": {
              "1": {
                "$type": "number",
                "$value": 108,
                "$extensions": {
                  "com.figma.scopes": [],
                  "com.figma.hiddenFromPublishing": true
                }
              },
              "2": {
                "$type": "number",
                "$value": 232,
                "$extensions": {
                  "com.figma.scopes": [],
                  "com.figma.hiddenFromPublishing": true
                }
              },
              "3": {
                "$type": "number",
                "$value": 356,
                "$extensions": {
                  "com.figma.scopes": [],
                  "com.figma.hiddenFromPublishing": true
                }
              },
              "4": {
                "$type": "number",
                "$value": 480,
                "$extensions": {
                  "com.figma.scopes": [],
                  "com.figma.hiddenFromPublishing": true
                }
              },
              "5": {
                "$type": "number",
                "$value": 604,
                "$extensions": {
                  "com.figma.scopes": [],
                  "com.figma.hiddenFromPublishing": true
                }
              },
              "6": {
                "$type": "number",
                "$value": 728,
                "$extensions": {
                  "com.figma.scopes": [],
                  "com.figma.hiddenFromPublishing": true
                }
              },
              "7": {
                "$type": "number",
                "$value": 852,
                "$extensions": {
                  "com.figma.scopes": [],
                  "com.figma.hiddenFromPublishing": true
                }
              },
              "8": {
                "$type": "number",
                "$value": 976,
                "$extensions": {
                  "com.figma.scopes": [],
                  "com.figma.hiddenFromPublishing": true
                }
              },
              "9": {
                "$type": "number",
                "$value": 1100,
                "$extensions": {
                  "com.figma.scopes": [],
                  "com.figma.hiddenFromPublishing": true
                }
              },
              "10": {
                "$type": "number",
                "$value": 1224,
                "$extensions": {
                  "com.figma.scopes": [],
                  "com.figma.hiddenFromPublishing": true
                }
              },
              "11": {
                "$type": "number",
                "$value": 1348,
                "$extensions": {
                  "com.figma.scopes": [],
                  "com.figma.hiddenFromPublishing": true
                }
              },
              "12": {
                "$type": "number",
                "$value": 1472,
                "$extensions": {
                  "com.figma.scopes": [],
                  "com.figma.hiddenFromPublishing": true
                }
              }
            },
            "divisions": {
              "1:4": {
                "$type": "number",
                "$value": 356,
                "$extensions": {
                  "com.figma.scopes": [],
                  "com.figma.hiddenFromPublishing": true
                }
              },
              "1:3": {
                "$type": "number",
                "$value": 480,
                "$extensions": {
                  "com.figma.scopes": [],
                  "com.figma.hiddenFromPublishing": true
                }
              },
              "1:2": {
                "$type": "number",
                "$value": 728,
                "$extensions": {
                  "com.figma.scopes": [],
                  "com.figma.hiddenFromPublishing": true
                }
              },
              "1:1": {
                "$type": "number",
                "$value": 1472,
                "$extensions": {
                  "com.figma.scopes": [],
                  "com.figma.hiddenFromPublishing": true
                }
              }
            }
          },
          "heights": {
            "full": {
              "100%": {
                "$type": "number",
                "$value": 960,
                "$extensions": {
                  "com.figma.scopes": [],
                  "com.figma.hiddenFromPublishing": true
                }
              },
              "75%": {
                "$type": "number",
                "$value": 720,
                "$extensions": {
                  "com.figma.scopes": [],
                  "com.figma.hiddenFromPublishing": true
                }
              },
              "50%": {
                "$type": "number",
                "$value": 480,
                "$extensions": {
                  "com.figma.scopes": [],
                  "com.figma.hiddenFromPublishing": true
                }
              }
            },
            "minusOffset": {
              "100%": {
                "$type": "number",
                "$value": 816,
                "$extensions": {
                  "com.figma.scopes": [],
                  "com.figma.hiddenFromPublishing": true
                }
              },
              "75%": {
                "$type": "number",
                "$value": 612,
                "$extensions": {
                  "com.figma.scopes": [],
                  "com.figma.hiddenFromPublishing": true
                }
              },
              "50%": {
                "$type": "number",
                "$value": 408,
                "$extensions": {
                  "com.figma.scopes": [],
                  "com.figma.hiddenFromPublishing": true
                }
              }
            }
          }
        }
      },
      "lg": {
        "width": {
          "$type": "number",
          "$value": 1280,
          "$extensions": {
            "com.figma.scopes": [
              "WIDTH_HEIGHT"
            ],
            "com.figma.hiddenFromPublishing": true
          }
        },
        "height": {
          "$type": "number",
          "$value": 800,
          "$extensions": {
            "com.figma.scopes": [
              "WIDTH_HEIGHT"
            ],
            "com.figma.hiddenFromPublishing": true
          }
        },
        "content": {
          "widths": {
            "columns": {
              "1": {
                "$type": "number",
                "$value": 120.88888888888889,
                "$extensions": {
                  "com.figma.scopes": [],
                  "com.figma.hiddenFromPublishing": true
                }
              },
              "2": {
                "$type": "number",
                "$value": 257.77777777777777,
                "$extensions": {
                  "com.figma.scopes": [],
                  "com.figma.hiddenFromPublishing": true
                }
              },
              "3": {
                "$type": "number",
                "$value": 394.66666666666663,
                "$extensions": {
                  "com.figma.scopes": [],
                  "com.figma.hiddenFromPublishing": true
                }
              },
              "4": {
                "$type": "number",
                "$value": 531.5555555555555,
                "$extensions": {
                  "com.figma.scopes": [],
                  "com.figma.hiddenFromPublishing": true
                }
              },
              "5": {
                "$type": "number",
                "$value": 668.4444444444445,
                "$extensions": {
                  "com.figma.scopes": [],
                  "com.figma.hiddenFromPublishing": true
                }
              },
              "6": {
                "$type": "number",
                "$value": 805.3333333333333,
                "$extensions": {
                  "com.figma.scopes": [],
                  "com.figma.hiddenFromPublishing": true
                }
              },
              "7": {
                "$type": "number",
                "$value": 942.2222222222222,
                "$extensions": {
                  "com.figma.scopes": [],
                  "com.figma.hiddenFromPublishing": true
                }
              },
              "8": {
                "$type": "number",
                "$value": 1079.111111111111,
                "$extensions": {
                  "com.figma.scopes": [],
                  "com.figma.hiddenFromPublishing": true
                }
              },
              "9": {
                "$type": "number",
                "$value": 1216,
                "$extensions": {
                  "com.figma.scopes": [],
                  "com.figma.hiddenFromPublishing": true
                }
              },
              "10": {
                "$type": "number",
                "$value": 1216,
                "$extensions": {
                  "com.figma.scopes": [],
                  "com.figma.hiddenFromPublishing": true
                }
              },
              "11": {
                "$type": "number",
                "$value": 1216,
                "$extensions": {
                  "com.figma.scopes": [],
                  "com.figma.hiddenFromPublishing": true
                }
              },
              "12": {
                "$type": "number",
                "$value": 1216,
                "$extensions": {
                  "com.figma.scopes": [],
                  "com.figma.hiddenFromPublishing": true
                }
              }
            },
            "divisions": {
              "1:4": {
                "$type": "number",
                "$value": 394.6666666666667,
                "$extensions": {
                  "com.figma.scopes": [],
                  "com.figma.hiddenFromPublishing": true
                }
              },
              "1:3": {
                "$type": "number",
                "$value": 394.6666666666667,
                "$extensions": {
                  "com.figma.scopes": [],
                  "com.figma.hiddenFromPublishing": true
                }
              },
              "1:2": {
                "$type": "number",
                "$value": 1216,
                "$extensions": {
                  "com.figma.scopes": [],
                  "com.figma.hiddenFromPublishing": true
                }
              },
              "1:1": {
                "$type": "number",
                "$value": 1216,
                "$extensions": {
                  "com.figma.scopes": [],
                  "com.figma.hiddenFromPublishing": true
                }
              }
            }
          },
          "heights": {
            "full": {
              "100%": {
                "$type": "number",
                "$value": 800,
                "$extensions": {
                  "com.figma.scopes": [],
                  "com.figma.hiddenFromPublishing": true
                }
              },
              "75%": {
                "$type": "number",
                "$value": 600,
                "$extensions": {
                  "com.figma.scopes": [],
                  "com.figma.hiddenFromPublishing": true
                }
              },
              "50%": {
                "$type": "number",
                "$value": 400,
                "$extensions": {
                  "com.figma.scopes": [],
                  "com.figma.hiddenFromPublishing": true
                }
              }
            },
            "minusOffset": {
              "100%": {
                "$type": "number",
                "$value": 656,
                "$extensions": {
                  "com.figma.scopes": [],
                  "com.figma.hiddenFromPublishing": true
                }
              },
              "75%": {
                "$type": "number",
                "$value": 492,
                "$extensions": {
                  "com.figma.scopes": [],
                  "com.figma.hiddenFromPublishing": true
                }
              },
              "50%": {
                "$type": "number",
                "$value": 328,
                "$extensions": {
                  "com.figma.scopes": [],
                  "com.figma.hiddenFromPublishing": true
                }
              }
            }
          }
        }
      }
    }
  },
  "tablet": {
    "portrait": {
      "md": {
        "width": {
          "$type": "number",
          "$value": 720,
          "$extensions": {
            "com.figma.scopes": [
              "WIDTH_HEIGHT"
            ],
            "com.figma.hiddenFromPublishing": true
          }
        },
        "height": {
          "$type": "number",
          "$value": 1152,
          "$extensions": {
            "com.figma.scopes": [
              "WIDTH_HEIGHT"
            ],
            "com.figma.hiddenFromPublishing": true
          }
        },
        "content": {
          "widths": {
            "columns": {
              "1": {
                "$type": "number",
                "$value": 96,
                "$extensions": {
                  "com.figma.scopes": [],
                  "com.figma.hiddenFromPublishing": true
                }
              },
              "2": {
                "$type": "number",
                "$value": 208,
                "$extensions": {
                  "com.figma.scopes": [],
                  "com.figma.hiddenFromPublishing": true
                }
              },
              "3": {
                "$type": "number",
                "$value": 320,
                "$extensions": {
                  "com.figma.scopes": [],
                  "com.figma.hiddenFromPublishing": true
                }
              },
              "4": {
                "$type": "number",
                "$value": 432,
                "$extensions": {
                  "com.figma.scopes": [],
                  "com.figma.hiddenFromPublishing": true
                }
              },
              "5": {
                "$type": "number",
                "$value": 544,
                "$extensions": {
                  "com.figma.scopes": [],
                  "com.figma.hiddenFromPublishing": true
                }
              },
              "6": {
                "$type": "number",
                "$value": 656,
                "$extensions": {
                  "com.figma.scopes": [],
                  "com.figma.hiddenFromPublishing": true
                }
              },
              "7": {
                "$type": "number",
                "$value": 656,
                "$extensions": {
                  "com.figma.scopes": [],
                  "com.figma.hiddenFromPublishing": true
                }
              },
              "8": {
                "$type": "number",
                "$value": 656,
                "$extensions": {
                  "com.figma.scopes": [],
                  "com.figma.hiddenFromPublishing": true
                }
              },
              "9": {
                "$type": "number",
                "$value": 656,
                "$extensions": {
                  "com.figma.scopes": [],
                  "com.figma.hiddenFromPublishing": true
                }
              },
              "10": {
                "$type": "number",
                "$value": 656,
                "$extensions": {
                  "com.figma.scopes": [],
                  "com.figma.hiddenFromPublishing": true
                }
              },
              "11": {
                "$type": "number",
                "$value": 656,
                "$extensions": {
                  "com.figma.scopes": [],
                  "com.figma.hiddenFromPublishing": true
                }
              },
              "12": {
                "$type": "number",
                "$value": 656,
                "$extensions": {
                  "com.figma.scopes": [],
                  "com.figma.hiddenFromPublishing": true
                }
              }
            },
            "divisions": {
              "1:4": {
                "$type": "number",
                "$value": 208,
                "$extensions": {
                  "com.figma.scopes": [],
                  "com.figma.hiddenFromPublishing": true
                }
              },
              "1:3": {
                "$type": "number",
                "$value": 208,
                "$extensions": {
                  "com.figma.scopes": [],
                  "com.figma.hiddenFromPublishing": true
                }
              },
              "1:2": {
                "$type": "number",
                "$value": 320,
                "$extensions": {
                  "com.figma.scopes": [],
                  "com.figma.hiddenFromPublishing": true
                }
              },
              "1:1": {
                "$type": "number",
                "$value": 656,
                "$extensions": {
                  "com.figma.scopes": [],
                  "com.figma.hiddenFromPublishing": true
                }
              }
            }
          },
          "heights": {
            "full": {
              "100%": {
                "$type": "number",
                "$value": 1152,
                "$extensions": {
                  "com.figma.scopes": [],
                  "com.figma.hiddenFromPublishing": true
                }
              },
              "75%": {
                "$type": "number",
                "$value": 864,
                "$extensions": {
                  "com.figma.scopes": [],
                  "com.figma.hiddenFromPublishing": true
                }
              },
              "50%": {
                "$type": "number",
                "$value": 576,
                "$extensions": {
                  "com.figma.scopes": [],
                  "com.figma.hiddenFromPublishing": true
                }
              }
            },
            "minusOffset": {
              "100%": {
                "$type": "number",
                "$value": 1008,
                "$extensions": {
                  "com.figma.scopes": [],
                  "com.figma.hiddenFromPublishing": true
                }
              },
              "75%": {
                "$type": "number",
                "$value": 756,
                "$extensions": {
                  "com.figma.scopes": [],
                  "com.figma.hiddenFromPublishing": true
                }
              },
              "50%": {
                "$type": "number",
                "$value": 504,
                "$extensions": {
                  "com.figma.scopes": [],
                  "com.figma.hiddenFromPublishing": true
                }
              }
            }
          }
        }
      },
      "sm": {
        "width": {
          "$type": "number",
          "$value": 640,
          "$extensions": {
            "com.figma.scopes": [
              "WIDTH_HEIGHT"
            ],
            "com.figma.hiddenFromPublishing": true
          }
        },
        "height": {
          "$type": "number",
          "$value": 1024,
          "$extensions": {
            "com.figma.scopes": [
              "WIDTH_HEIGHT"
            ],
            "com.figma.hiddenFromPublishing": true
          }
        },
        "content": {
          "widths": {
            "columns": {
              "1": {
                "$type": "number",
                "$value": 132,
                "$extensions": {
                  "com.figma.scopes": [],
                  "com.figma.hiddenFromPublishing": true
                }
              },
              "2": {
                "$type": "number",
                "$value": 280,
                "$extensions": {
                  "com.figma.scopes": [],
                  "com.figma.hiddenFromPublishing": true
                }
              },
              "3": {
                "$type": "number",
                "$value": 428,
                "$extensions": {
                  "com.figma.scopes": [],
                  "com.figma.hiddenFromPublishing": true
                }
              },
              "4": {
                "$type": "number",
                "$value": 576,
                "$extensions": {
                  "com.figma.scopes": [],
                  "com.figma.hiddenFromPublishing": true
                }
              },
              "5": {
                "$type": "number",
                "$value": 576,
                "$extensions": {
                  "com.figma.scopes": [],
                  "com.figma.hiddenFromPublishing": true
                }
              },
              "6": {
                "$type": "number",
                "$value": 576,
                "$extensions": {
                  "com.figma.scopes": [],
                  "com.figma.hiddenFromPublishing": true
                }
              },
              "7": {
                "$type": "number",
                "$value": 576,
                "$extensions": {
                  "com.figma.scopes": [],
                  "com.figma.hiddenFromPublishing": true
                }
              },
              "8": {
                "$type": "number",
                "$value": 576,
                "$extensions": {
                  "com.figma.scopes": [],
                  "com.figma.hiddenFromPublishing": true
                }
              },
              "9": {
                "$type": "number",
                "$value": 576,
                "$extensions": {
                  "com.figma.scopes": [],
                  "com.figma.hiddenFromPublishing": true
                }
              },
              "10": {
                "$type": "number",
                "$value": 576,
                "$extensions": {
                  "com.figma.scopes": [],
                  "com.figma.hiddenFromPublishing": true
                }
              },
              "11": {
                "$type": "number",
                "$value": 576,
                "$extensions": {
                  "com.figma.scopes": [],
                  "com.figma.hiddenFromPublishing": true
                }
              },
              "12": {
                "$type": "number",
                "$value": 576,
                "$extensions": {
                  "com.figma.scopes": [],
                  "com.figma.hiddenFromPublishing": true
                }
              }
            },
            "divisions": {
              "1:4": {
                "$type": "number",
                "$value": 132,
                "$extensions": {
                  "com.figma.scopes": [],
                  "com.figma.hiddenFromPublishing": true
                }
              },
              "1:3": {
                "$type": "number",
                "$value": 280,
                "$extensions": {
                  "com.figma.scopes": [],
                  "com.figma.hiddenFromPublishing": true
                }
              },
              "1:2": {
                "$type": "number",
                "$value": 280,
                "$extensions": {
                  "com.figma.scopes": [],
                  "com.figma.hiddenFromPublishing": true
                }
              },
              "1:1": {
                "$type": "number",
                "$value": 576,
                "$extensions": {
                  "com.figma.scopes": [],
                  "com.figma.hiddenFromPublishing": true
                }
              }
            }
          },
          "heights": {
            "full": {
              "100%": {
                "$type": "number",
                "$value": 1024,
                "$extensions": {
                  "com.figma.scopes": [],
                  "com.figma.hiddenFromPublishing": true
                }
              },
              "75%": {
                "$type": "number",
                "$value": 768,
                "$extensions": {
                  "com.figma.scopes": [],
                  "com.figma.hiddenFromPublishing": true
                }
              },
              "50%": {
                "$type": "number",
                "$value": 512,
                "$extensions": {
                  "com.figma.scopes": [],
                  "com.figma.hiddenFromPublishing": true
                }
              }
            },
            "minusOffset": {
              "100%": {
                "$type": "number",
                "$value": 880,
                "$extensions": {
                  "com.figma.scopes": [],
                  "com.figma.hiddenFromPublishing": true
                }
              },
              "75%": {
                "$type": "number",
                "$value": 660,
                "$extensions": {
                  "com.figma.scopes": [],
                  "com.figma.hiddenFromPublishing": true
                }
              },
              "50%": {
                "$type": "number",
                "$value": 440,
                "$extensions": {
                  "com.figma.scopes": [],
                  "com.figma.hiddenFromPublishing": true
                }
              }
            }
          }
        }
      }
    },
    "landscape": {
      "md": {
        "width": {
          "$type": "number",
          "$value": 1024,
          "$extensions": {
            "com.figma.scopes": [
              "WIDTH_HEIGHT"
            ],
            "com.figma.hiddenFromPublishing": true
          }
        },
        "height": {
          "$type": "number",
          "$value": 640,
          "$extensions": {
            "com.figma.scopes": [
              "WIDTH_HEIGHT"
            ],
            "com.figma.hiddenFromPublishing": true
          }
        },
        "content": {
          "widths": {
            "columns": {
              "1": {
                "$type": "number",
                "$value": 146.66666666666666,
                "$extensions": {
                  "com.figma.scopes": [],
                  "com.figma.hiddenFromPublishing": true
                }
              },
              "2": {
                "$type": "number",
                "$value": 309.3333333333333,
                "$extensions": {
                  "com.figma.scopes": [],
                  "com.figma.hiddenFromPublishing": true
                }
              },
              "3": {
                "$type": "number",
                "$value": 472,
                "$extensions": {
                  "com.figma.scopes": [],
                  "com.figma.hiddenFromPublishing": true
                }
              },
              "4": {
                "$type": "number",
                "$value": 634.6666666666666,
                "$extensions": {
                  "com.figma.scopes": [],
                  "com.figma.hiddenFromPublishing": true
                }
              },
              "5": {
                "$type": "number",
                "$value": 797.3333333333333,
                "$extensions": {
                  "com.figma.scopes": [],
                  "com.figma.hiddenFromPublishing": true
                }
              },
              "6": {
                "$type": "number",
                "$value": 960,
                "$extensions": {
                  "com.figma.scopes": [],
                  "com.figma.hiddenFromPublishing": true
                }
              },
              "7": {
                "$type": "number",
                "$value": 960,
                "$extensions": {
                  "com.figma.scopes": [],
                  "com.figma.hiddenFromPublishing": true
                }
              },
              "8": {
                "$type": "number",
                "$value": 960,
                "$extensions": {
                  "com.figma.scopes": [],
                  "com.figma.hiddenFromPublishing": true
                }
              },
              "9": {
                "$type": "number",
                "$value": 960,
                "$extensions": {
                  "com.figma.scopes": [],
                  "com.figma.hiddenFromPublishing": true
                }
              },
              "10": {
                "$type": "number",
                "$value": 960,
                "$extensions": {
                  "com.figma.scopes": [],
                  "com.figma.hiddenFromPublishing": true
                }
              },
              "11": {
                "$type": "number",
                "$value": 960,
                "$extensions": {
                  "com.figma.scopes": [],
                  "com.figma.hiddenFromPublishing": true
                }
              },
              "12": {
                "$type": "number",
                "$value": 960,
                "$extensions": {
                  "com.figma.scopes": [],
                  "com.figma.hiddenFromPublishing": true
                }
              }
            },
            "divisions": {
              "1:4": {
                "$type": "number",
                "$value": 309.3333333333333,
                "$extensions": {
                  "com.figma.scopes": [],
                  "com.figma.hiddenFromPublishing": true
                }
              },
              "1:3": {
                "$type": "number",
                "$value": 309.3333333333333,
                "$extensions": {
                  "com.figma.scopes": [],
                  "com.figma.hiddenFromPublishing": true
                }
              },
              "1:2": {
                "$type": "number",
                "$value": 472,
                "$extensions": {
                  "com.figma.scopes": [],
                  "com.figma.hiddenFromPublishing": true
                }
              },
              "1:1": {
                "$type": "number",
                "$value": 960,
                "$extensions": {
                  "com.figma.scopes": [],
                  "com.figma.hiddenFromPublishing": true
                }
              }
            }
          },
          "heights": {
            "full": {
              "100%": {
                "$type": "number",
                "$value": 640,
                "$extensions": {
                  "com.figma.scopes": [],
                  "com.figma.hiddenFromPublishing": true
                }
              },
              "75%": {
                "$type": "number",
                "$value": 480,
                "$extensions": {
                  "com.figma.scopes": [],
                  "com.figma.hiddenFromPublishing": true
                }
              },
              "50%": {
                "$type": "number",
                "$value": 320,
                "$extensions": {
                  "com.figma.scopes": [],
                  "com.figma.hiddenFromPublishing": true
                }
              }
            },
            "minusOffset": {
              "100%": {
                "$type": "number",
                "$value": 496,
                "$extensions": {
                  "com.figma.scopes": [],
                  "com.figma.hiddenFromPublishing": true
                }
              },
              "75%": {
                "$type": "number",
                "$value": 372,
                "$extensions": {
                  "com.figma.scopes": [],
                  "com.figma.hiddenFromPublishing": true
                }
              },
              "50%": {
                "$type": "number",
                "$value": 248,
                "$extensions": {
                  "com.figma.scopes": [],
                  "com.figma.hiddenFromPublishing": true
                }
              }
            }
          }
        }
      }
    }
  },
  "mobile": {
    "portrait": {
      "xs": {
        "width": {
          "$type": "number",
          "$value": 432,
          "$extensions": {
            "com.figma.scopes": [
              "WIDTH_HEIGHT"
            ],
            "com.figma.hiddenFromPublishing": true
          }
        },
        "height": {
          "$type": "number",
          "$value": 960,
          "$extensions": {
            "com.figma.scopes": [
              "WIDTH_HEIGHT"
            ],
            "com.figma.hiddenFromPublishing": true
          }
        },
        "content": {
          "widths": {
            "columns": {
              "1": {
                "$type": "number",
                "$value": 112,
                "$extensions": {
                  "com.figma.scopes": [],
                  "com.figma.hiddenFromPublishing": true
                }
              },
              "2": {
                "$type": "number",
                "$value": 240,
                "$extensions": {
                  "com.figma.scopes": [],
                  "com.figma.hiddenFromPublishing": true
                }
              },
              "3": {
                "$type": "number",
                "$value": 368,
                "$extensions": {
                  "com.figma.scopes": [],
                  "com.figma.hiddenFromPublishing": true
                }
              },
              "4": {
                "$type": "number",
                "$value": 368,
                "$extensions": {
                  "com.figma.scopes": [],
                  "com.figma.hiddenFromPublishing": true
                }
              },
              "5": {
                "$type": "number",
                "$value": 368,
                "$extensions": {
                  "com.figma.scopes": [],
                  "com.figma.hiddenFromPublishing": true
                }
              },
              "6": {
                "$type": "number",
                "$value": 368,
                "$extensions": {
                  "com.figma.scopes": [],
                  "com.figma.hiddenFromPublishing": true
                }
              },
              "7": {
                "$type": "number",
                "$value": 368,
                "$extensions": {
                  "com.figma.scopes": [],
                  "com.figma.hiddenFromPublishing": true
                }
              },
              "8": {
                "$type": "number",
                "$value": 368,
                "$extensions": {
                  "com.figma.scopes": [],
                  "com.figma.hiddenFromPublishing": true
                }
              },
              "9": {
                "$type": "number",
                "$value": 368,
                "$extensions": {
                  "com.figma.scopes": [],
                  "com.figma.hiddenFromPublishing": true
                }
              },
              "10": {
                "$type": "number",
                "$value": 368,
                "$extensions": {
                  "com.figma.scopes": [],
                  "com.figma.hiddenFromPublishing": true
                }
              },
              "11": {
                "$type": "number",
                "$value": 368,
                "$extensions": {
                  "com.figma.scopes": [],
                  "com.figma.hiddenFromPublishing": true
                }
              },
              "12": {
                "$type": "number",
                "$value": 368,
                "$extensions": {
                  "com.figma.scopes": [],
                  "com.figma.hiddenFromPublishing": true
                }
              }
            },
            "divisions": {
              "1:4": {
                "$type": "number",
                "$value": 112,
                "$extensions": {
                  "com.figma.scopes": [],
                  "com.figma.hiddenFromPublishing": true
                }
              },
              "1:3": {
                "$type": "number",
                "$value": 112,
                "$extensions": {
                  "com.figma.scopes": [],
                  "com.figma.hiddenFromPublishing": true
                }
              },
              "1:2": {
                "$type": "number",
                "$value": 368,
                "$extensions": {
                  "com.figma.scopes": [],
                  "com.figma.hiddenFromPublishing": true
                }
              },
              "1:1": {
                "$type": "number",
                "$value": 368,
                "$extensions": {
                  "com.figma.scopes": [],
                  "com.figma.hiddenFromPublishing": true
                }
              }
            }
          },
          "heights": {
            "full": {
              "100%": {
                "$type": "number",
                "$value": 960,
                "$extensions": {
                  "com.figma.scopes": [],
                  "com.figma.hiddenFromPublishing": true
                }
              },
              "75%": {
                "$type": "number",
                "$value": 720,
                "$extensions": {
                  "com.figma.scopes": [],
                  "com.figma.hiddenFromPublishing": true
                }
              },
              "50%": {
                "$type": "number",
                "$value": 480,
                "$extensions": {
                  "com.figma.scopes": [],
                  "com.figma.hiddenFromPublishing": true
                }
              }
            },
            "minusOffset": {
              "100%": {
                "$type": "number",
                "$value": 816,
                "$extensions": {
                  "com.figma.scopes": [],
                  "com.figma.hiddenFromPublishing": true
                }
              },
              "75%": {
                "$type": "number",
                "$value": 612,
                "$extensions": {
                  "com.figma.scopes": [],
                  "com.figma.hiddenFromPublishing": true
                }
              },
              "50%": {
                "$type": "number",
                "$value": 408,
                "$extensions": {
                  "com.figma.scopes": [],
                  "com.figma.hiddenFromPublishing": true
                }
              }
            }
          }
        }
      }
    },
    "landscape": {
      "md": {
        "width": {
          "$type": "number",
          "$value": 960,
          "$extensions": {
            "com.figma.scopes": [
              "WIDTH_HEIGHT"
            ],
            "com.figma.hiddenFromPublishing": true
          }
        },
        "height": {
          "$type": "number",
          "$value": 432,
          "$extensions": {
            "com.figma.scopes": [
              "WIDTH_HEIGHT"
            ],
            "com.figma.hiddenFromPublishing": true
          }
        },
        "content": {
          "widths": {
            "columns": {
              "1": {
                "$type": "number",
                "$value": 136,
                "$extensions": {
                  "com.figma.scopes": [],
                  "com.figma.hiddenFromPublishing": true
                }
              },
              "2": {
                "$type": "number",
                "$value": 288,
                "$extensions": {
                  "com.figma.scopes": [],
                  "com.figma.hiddenFromPublishing": true
                }
              },
              "3": {
                "$type": "number",
                "$value": 440,
                "$extensions": {
                  "com.figma.scopes": [],
                  "com.figma.hiddenFromPublishing": true
                }
              },
              "4": {
                "$type": "number",
                "$value": 592,
                "$extensions": {
                  "com.figma.scopes": [],
                  "com.figma.hiddenFromPublishing": true
                }
              },
              "5": {
                "$type": "number",
                "$value": 744,
                "$extensions": {
                  "com.figma.scopes": [],
                  "com.figma.hiddenFromPublishing": true
                }
              },
              "6": {
                "$type": "number",
                "$value": 896,
                "$extensions": {
                  "com.figma.scopes": [],
                  "com.figma.hiddenFromPublishing": true
                }
              },
              "7": {
                "$type": "number",
                "$value": 896,
                "$extensions": {
                  "com.figma.scopes": [],
                  "com.figma.hiddenFromPublishing": true
                }
              },
              "8": {
                "$type": "number",
                "$value": 896,
                "$extensions": {
                  "com.figma.scopes": [],
                  "com.figma.hiddenFromPublishing": true
                }
              },
              "9": {
                "$type": "number",
                "$value": 896,
                "$extensions": {
                  "com.figma.scopes": [],
                  "com.figma.hiddenFromPublishing": true
                }
              },
              "10": {
                "$type": "number",
                "$value": 896,
                "$extensions": {
                  "com.figma.scopes": [],
                  "com.figma.hiddenFromPublishing": true
                }
              },
              "11": {
                "$type": "number",
                "$value": 896,
                "$extensions": {
                  "com.figma.scopes": [],
                  "com.figma.hiddenFromPublishing": true
                }
              },
              "12": {
                "$type": "number",
                "$value": 896,
                "$extensions": {
                  "com.figma.scopes": [],
                  "com.figma.hiddenFromPublishing": true
                }
              }
            },
            "divisions": {
              "1:4": {
                "$type": "number",
                "$value": 288,
                "$extensions": {
                  "com.figma.scopes": [],
                  "com.figma.hiddenFromPublishing": true
                }
              },
              "1:3": {
                "$type": "number",
                "$value": 288,
                "$extensions": {
                  "com.figma.scopes": [],
                  "com.figma.hiddenFromPublishing": true
                }
              },
              "1:2": {
                "$type": "number",
                "$value": 440,
                "$extensions": {
                  "com.figma.scopes": [],
                  "com.figma.hiddenFromPublishing": true
                }
              },
              "1:1": {
                "$type": "number",
                "$value": 896,
                "$extensions": {
                  "com.figma.scopes": [],
                  "com.figma.hiddenFromPublishing": true
                }
              }
            }
          },
          "heights": {
            "full": {
              "100%": {
                "$type": "number",
                "$value": 432,
                "$extensions": {
                  "com.figma.scopes": [],
                  "com.figma.hiddenFromPublishing": true
                }
              },
              "75%": {
                "$type": "number",
                "$value": 324,
                "$extensions": {
                  "com.figma.scopes": [],
                  "com.figma.hiddenFromPublishing": true
                }
              },
              "50%": {
                "$type": "number",
                "$value": 216,
                "$extensions": {
                  "com.figma.scopes": [],
                  "com.figma.hiddenFromPublishing": true
                }
              }
            },
            "minusOffset": {
              "100%": {
                "$type": "number",
                "$value": 288,
                "$extensions": {
                  "com.figma.scopes": [],
                  "com.figma.hiddenFromPublishing": true
                }
              },
              "75%": {
                "$type": "number",
                "$value": 216,
                "$extensions": {
                  "com.figma.scopes": [],
                  "com.figma.hiddenFromPublishing": true
                }
              },
              "50%": {
                "$type": "number",
                "$value": 144,
                "$extensions": {
                  "com.figma.scopes": [],
                  "com.figma.hiddenFromPublishing": true
                }
              }
            }
          }
        }
      }
    }
  },
  "$extensions": {
    "com.figma.modeName": "Value",
    "com.figma.collectionName": "System/Devices"
  }
}