{
  "sm": {
    "$type": "number",
    "$value": 4,
    "$extensions": {
      "com.figma.scopes": [
        "CORNER_RADIUS"
      ]
    }
  },
  "md": {
    "$type": "number",
    "$value": 8,
    "$extensions": {
      "com.figma.scopes": [
        "CORNER_RADIUS"
      ]
    }
  },
  "lg": {
    "$type": "number",
    "$value": 16,
    "$extensions": {
      "com.figma.scopes": [
        "CORNER_RADIUS"
      ]
    }
  },
  "xl": {
    "$type": "number",
    "$value": 24,
    "$extensions": {
      "com.figma.scopes": [
        "CORNER_RADIUS"
      ]
    }
  },
  "2xl": {
    "$type": "number",
    "$value": 32,
    "$extensions": {
      "com.figma.scopes": [
        "CORNER_RADIUS"
      ]
    }
  },
  "rounded": {
    "$type": "number",
    "$value": 9999,
    "$extensions": {
      "com.figma.scopes": [
        "CORNER_RADIUS"
      ]
    }
  },
  "$extensions": {
    "com.figma.modeName": "Value",
    "com.figma.collectionName": "Style/Radius"
  }
}